Item,Count,Total_View,Total_Amount,Tot_Am_Stand,Total_EA,Tot_EA_Stand+1,Mom_Code,Item_Code,Item_Group,Price
한일 대용량 스텐 분쇄믹서기,401,8020,18167996000,9.241823032,165464,5.7,100255,200868,주방,109800
안동간고등어 20팩,318,6360,14391949000,7.225970392,465759,14.8,100253,200864,농수축,30900
일시불 LG전자 매직스페이스 냉장고,308,6180,10904495000,5.364183886,7938,0.9,100155,200554,가전,1409000
무이자 LG전자 매직스페이스 냉장고,308,6180,9279239000,4.496536688,6132,0.9,100155,200487,가전,1549000
일시불 LG 울트라HD TV 65UK6800HNC,295,5940,6230040000,2.868713768,3573,0.8,100148,200508,가전,1900000
무이자 LG 울트라HD TV 65UK6800HNC,295,5940,4394404000,1.888754653,2218,0.7,100148,200441,가전,2130000
일시불 LG 울트라HD TV 55UK6800HNC,277,5580,2489394000,0.871760045,1961,0.7,100148,200499,가전,1300000
무이자 LG 울트라HD TV 55UK6800HNC,277,5580,1952450000,0.585111076,1394,0.7,100148,200432,가전,1440000
일시불 LG 통돌이 세탁기,275,5520,8119532000,3.877424051,18496,1.2,100150,200533,가전,439000
무이자 LG 통돌이 세탁기,275,5520,6658529000,3.09746375,13617,1.1,100150,200465,가전,489000
일시불 LG 울트라HD TV 70UK7400KNA,247,4980,646314000,-0.112173069,257,0.7,100148,200518,가전,2700000
무이자 LG 울트라HD TV 70UK7400KNA,247,4980,660174000,-0.104773871,238,0.7,100148,200451,가전,2990000
에코라믹 통주물 스톤 냄비세트,231,4620,9504131000,4.616595875,156061,5.4,100088,200236,주방,60900
멋진밥상 흥양농협 쌀 20kg,171,3420,7733978000,3.671595032,129115,4.6,100849,202510,농수축,59900
국내산 손질갑오징어 8팩,160,3196,9417609000,4.570405877,188730,6.4,100322,201479,농수축,49900
비버리힐스폴로클럽 남성기초세트(2018FW골드),149,2977,6239718000,2.873880394,156777,5.4,100074,200197,이미용,39800
무이자 쿠쿠전기밥솥 10인용,147,2940,2565815000,0.912557598,11770,1.0,100837,202465,주방,218000
무이자 쿠쿠전기밥솥 6인용,147,2940,733728000,-0.0655068743,3527,0.8,100837,202468,주방,208000
일시불  쿠쿠전기밥솥 6인용,147,2940,753144000,-0.0551415916,3804,0.8,100837,202471,주방,198000
보루네오 루나 유로탑 멀티수납형 LED 침대 SS 슈퍼싱글,147,2940,3177844000,1.239290892,5799,0.9,100205,200733,가구,548000
보루네오 루나 유로탑 멀티수납형 LED 침대 Q 퀸,147,2940,2422780000,0.836197986,4051,0.8,100205,200732,가구,598000
보루네오 루나 유로탑 멀티수납형 LED 침대 K 킹,147,2940,2799876000,1.037511679,4321,0.8,100205,200731,가구,648000
일시불 쿠쿠전기밥솥 10인용,146,2920,2041763000,0.632791057,9816,1.0,100837,202478,주방,208000
옛날 그 쥐포 110장 (11팩),116,2253,4528056000,1.960105125,137631,4.9,100841,202484,농수축,32900
바로바로 무선청소기,114,2280,3637664000,1.48476701,40873,1.9,100635,201945,생활용품,89000
키친플라워 대용량 디지털 에어프라이어 5L,108,2150,3579808000,1.453880432,39978,1.9,100231,200819,주방,89800
청정수산 완도활전복 35미,104,2075,3932944000,1.642403016,65658,2.7,100832,202444,농수축,59900
푸마 드라이셀 쉐이핑 레깅스 3종,100,1985,1056929000,0.107034831,17881,1.2,100613,201872,속옷,59000
노비타 스마트 비데,99,1980,4204536000,1.787393121,22246,1.4,100501,201514,생활용품,189000
일시불 삼성 노트북 9 메탈 기본형 NT900X5J-K14,99,1980,613728000,-0.129569191,614,0.7,100577,201758,가전,999000
무이자 삼성 노트북 9 메탈 기본형 NT900X5J-K14,99,1980,396180000,-0.245707763,364,0.7,100577,201706,가전,1089000
일시불 삼성 노트북 9 메탈 고급형 NT900X5J-K28,99,1980,1735209000,0.469136396,1378,0.7,100577,201756,가전,1259000
무이자 삼성 노트북 9 메탈 고급형 NT900X5J-K28,99,1980,2622375000,0.942752303,1944,0.7,100577,201704,가전,1349000
일시불 선일금고 이볼브 시리즈 EV-040,87,1717,2160020000,0.695922868,4800,0.8,100182,200615,생활용품,450000
무이자 선일금고 이볼브 시리즈 EV-040,87,1717,827170000,-0.0156226164,1688,0.7,100182,200613,생활용품,490000
일시불 선일금고 이볼브 시리즈 EV-020,87,1717,129398000,-0.388130037,324,0.7,100182,200614,생활용품,400000
무이자 선일금고 이볼브 시리즈 EV-020,87,1717,71461000,-0.419059857,162,0.7,100182,200612,생활용품,440000
헤스티지 그레이스 양가죽 코트,87,1737,2836398000,1.057009045,14280,1.1,100271,200889,의류,199000
무이자 린나이 자동불꽃조절 가스레인지 3구,78,1560,808054000,-0.0258277434,2796,0.8,100765,202231,주방,289000
일시불  린나이 자동불꽃조절 가스레인지 3구,78,1560,628003000,-0.121948444,2251,0.7,100765,202235,주방,279000
무이자  린나이 자동불꽃조절 가스레인지 2구,78,1560,613404000,-0.129742159,2801,0.8,100765,202227,주방,219000
일시불  린나이 자동불꽃조절 가스레인지 2구,78,1560,709207000,-0.0785974748,3393,0.8,100765,202233,주방,209000
(일) 삼익가구 LED 제니비 서랍형 침대 SS,78,1560,1051030000,0.103885634,2106,0.7,100500,201510,가구,499000
(무) 삼익가구 LED 제니비 서랍형 침대 SS,78,1560,517952000,-0.18069946,943,0.7,100500,201504,가구,549000
(일) 삼익가구 LED 제니비 서랍형 침대 Q,78,1560,527953000,-0.1753604,962,0.7,100500,201509,가구,549000
(무) 삼익가구 LED 제니비 서랍형 침대 Q,78,1560,329526000,-0.281291177,550,0.7,100500,201503,가구,599000
(일) 삼익가구 LED 제니비 서랍형 침대 K,78,1560,494636000,-0.193146768,826,0.7,100500,201508,가구,599000
(무) 삼익가구 LED 제니비 서랍형 침대 K,78,1560,305543000,-0.294094565,471,0.7,100500,201502,가구,649000
무이자 쿠첸 풀스텐 압력밥솥 10인용(A1),77,1532,854922000,-0.000807138122,5089,0.8,100448,202093,주방,168000
일시불 쿠첸 풀스텐 압력밥솥 6인용(A1),77,1532,644756000,-0.113004811,4356,0.8,100448,202100,주방,148000
무이자 쿠첸 풀스텐 압력밥솥 6인용(A1),77,1532,279807000,-0.307833796,1771,0.7,100448,202095,주방,158000
헤스티지 엘레나 라쿤양가죽 콤비 롱코트,76,1857,3167022000,1.233513539,10592,1.0,100271,200896,의류,299000
멋진밥상 흥양농협 햅쌀 20kg,75,1500,3820554000,1.582403319,63685,2.6,100849,202512,농수축,61000
NNF SS트레이닝 세트,75,1500,2452053000,0.851825454,57785,2.4,100452,201395,의류,49000
자연산 손질 통오징어 21미,74,1480,3615774000,1.473080976,88405,3.4,100511,201575,농수축,40900
코이모 리빙박스 8종,73,1454,2269738000,0.754496111,44516,2.0,100226,201019,생활용품,49800
푸마 드라이셀 치마레깅스 3종,73,1448,1212252000,0.189954424,20442,1.3,100613,201876,속옷,59000
무이자 에지리 스텐큐브 프라이팬,72,1440,2164455000,0.698290504,12092,1.0,100770,202250,주방,179000
일시불 에지리 스텐큐브 프라이팬,72,1440,1561544000,0.376424878,9132,1.0,100770,202255,주방,171000
푸마 INNO 심리스 롱드로즈 7종,66,1312,109771000,-0.398607963,1233,0.7,100610,201862,속옷,89000
일시불 쿠첸 풀스텐 압력밥솥 10인용 (A1),63,1260,1506698000,0.347145197,9536,1.0,100448,202098,주방,158000
푸마 트렁크 블랙에디션 패키지,63,1243,436183000,-0.224352057,4901,0.8,100610,201907,속옷,89000
칼리베이직 여성백 3종세트,63,1260,2475519000,0.86435284,62043,2.6,100070,200191,잡화,39900
푸마 드라이셀 퓨징 브라세트 패키지,63,1260,2621956000,0.942528618,18863,1.3,100607,201879,속옷,139000
헤스티지 마론 양가죽 남성집업재킷,63,1260,1101014000,0.130569724,5563,0.8,100270,200892,의류,199000
우리바다 손질왕꼬막 24팩,60,1200,3999750000,1.678067575,100244,3.7,100435,201350,농수축,39900
피시원 국내산 손질 대구 8팩 * 매운탕 양념 8팩,57,1140,2101218000,0.664531265,35357,1.8,100491,201483,농수축,59900
천수봉명인 선재 전통 메주세트,57,1140,2535051000,0.896134155,26358,1.5,100708,202076,농수축,99000
푸마 심리스 드로즈 블랙에디션 패키지,57,1132,1537479000,0.363577715,17275,1.2,100610,201886,속옷,89000
닥터 슈퍼 루테인,57,1140,1709420000,0.455368871,28439,1.5,100309,200992,건강기능,59900
영산포숙성 홍어8팩+무침3통,55,1086,2055786000,0.640277272,50264,2.2,100702,202074,농수축,40900
도스문도스 카이만 엠보 소가죽 핸드백 1종,54,1076,2146092000,0.688487368,21678,1.3,100742,202178,잡화,99000
해피콜  IH 진공 스텐 냄비 에디션,54,1080,1548256000,0.369331045,13011,1.1,100517,201584,주방,119000
아키 풀커버 라이크라 레이스 패키지(106차),54,1080,1796651000,0.50193737,19985,1.3,100080,200219,속옷,89900
2019 S/S 엘리자베스아덴 선글라스 2종,54,1073,1738345000,0.470810558,36332,1.8,100185,201963,잡화,49900
마리노블 밍크 롱코트,51,1020,1939974000,0.578450731,4550,0.8,100049,202044,의류,499000
삭루츠 투 웨이 백팩(TQ55),51,1020,665329000,-0.102021861,9642,1.0,100489,201475,잡화,69000
보코 폭스퍼구스다운 롱패딩,48,960,1477587000,0.331604213,8938,0.9,100816,202421,의류,169000
일시불 LG 울트라HD TV 70UK6800HNC,48,960,270869000,-0.312605371,100,0.7,100148,200515,가전,2700000
무이자 LG 울트라HD TV 70UK6800HNC,48,960,231592000,-0.333573501,78,0.7,100148,200448,가전,2990000
컬럼비아 옴니위크 드로즈 패키지 10종,46,893,671449000,-0.0987546826,8499,0.9,100597,201832,속옷,79000
컬럼비아 옴니위크 머슬 언더셔츠 6종,46,893,167068000,-0.368019808,2115,0.7,100597,201834,속옷,79000
크로커다일 풀커버 레이스 브라팬티 4세트,45,900,1103627000,0.131964681,13813,1.1,100664,202004,속옷,79900
카파 드로즈 패키지 12종,45,900,1511505000,0.349711426,25619,1.5,100604,201848,속옷,59000
카파 런닝 패키지 9종,45,900,458635000,-0.212365997,7773,0.9,100604,201851,속옷,59000
쿠미투니카 퍼펙트클린 레이스 브라팬티,45,900,1126767000,0.144318031,10519,1.0,100780,202280,속옷,109900
컬럼비아 옴니히트 롱드로즈 패키지 7종,42,821,210828000,-0.344658417,2669,0.8,100597,201836,속옷,79000
더블유베일 캐시라이크 니트 4종,42,836,903640000,0.0252010945,22648,1.4,100335,201047,의류,39900
뱅뱅 남성 봄 데님팬츠 3종,42,840,695307000,-0.0860180264,9947,1.0,100127,200341,의류,69900
뱅뱅 여성 봄 데님팬츠 3종,42,840,784213000,-0.0385553241,11219,1.0,100127,200352,의류,69900
CERINI by PAT 남성 스프링 릴렉스 팬츠 3종,41,820,1776454000,0.491155148,25414,1.4,100808,202378,의류,69900
(도냄)무이자 쿠쿠전기밥솥 10인용,39,780,796797000,-0.0318373225,3655,0.8,100837,202455,주방,218000
(도냄)일시불 쿠쿠전기밥솥 10인용,39,780,673726000,-0.0975391001,3239,0.8,100837,202458,주방,208000
(도냄)무이자 쿠쿠전기밥솥 6인용,39,780,188937000,-0.356344985,908,0.7,100837,202456,주방,208000
(도냄)일시불  쿠쿠전기밥솥 6인용,39,780,198950000,-0.350999519,1005,0.7,100837,202457,주방,198000
임페리얼 여성 울 블렌딩 니트 3종,39,761,488954000,-0.196180119,9979,1.0,100585,201801,의류,49000
일시불 락앤락 유로오븐글라스 세트,39,780,940904000,0.0450945791,14520,1.1,100102,200285,주방,64800
무이자 락앤락 유로오븐글라스 세트,39,780,151013000,-0.376590812,2164,0.7,100102,200282,주방,69800
그렉노먼 남성 봄 컬렉션 티셔츠 5종,39,772,559677000,-0.158424459,9850,1.0,100377,201223,의류,59900
그렉노먼 여성 봄 컬렉션 티셔츠 5종,39,772,356886000,-0.266684969,6280,0.9,100377,201229,의류,59900
국내산 손질갑오징어 9팩,39,780,1745760000,0.474769075,34985,1.7,100322,201480,농수축,49900
바다먹자 국내산 손질꽃게 7팩,38,760,1385866000,0.282638715,23136,1.4,100801,202365,농수축,59900
제주바다 7분 손질문어,38,754,1542755000,0.366394321,26037,1.5,100833,202449,농수축,59900
(직매입) 종근당건강 아이클리어 루테인,36,720,845612000,-0.00577730615,12255,1.1,100315,201002,건강기능,69000
하늘내린 용대리황태10미,36,720,1272830000,0.222294149,38688,1.9,100844,202491,농수축,32900
크리스티나앤코 기모티셔츠세트,36,720,765557000,-0.0485148788,25604,1.5,100458,201414,의류,29900
세균싹 행주티슈,36,720,665248000,-0.102065103,16673,1.2,100294,200954,주방,39900
김정문의 섬진강 재첩국 11팩 3.3kg,36,712,1297849000,0.235650608,32528,1.7,100704,202069,농수축,39900
소들녘 소 갈비탕,35,700,1531483000,0.360376734,30088,1.6,100199,200670,농수축,50900
무이자 린나이 간편쿡 자동불꽃조절 가스레인지 3구,33,660,519463000,-0.179892809,2183,0.7,100765,202230,주방,238000
일시불 린나이 간편쿡 자동불꽃조절 가스레인지 3구,33,660,351634000,-0.269488763,1542,0.7,100765,202238,주방,228000
무이자 린나이 간편쿡 자동불꽃조절 가스레인지 2구,33,660,178713000,-0.361803094,820,0.7,100765,202229,주방,218000
일시불 린나이 간편쿡 자동불꽃조절 가스레인지 2구,33,660,155154000,-0.374380129,746,0.7,100765,202237,주방,208000
일시불[가이거] 콘체르토 다이아몬드 워치(주얼리3종),33,630,351674000,-0.269467409,2726,0.8,100293,200953,잡화,129000
무이자[가이거] 콘체르토 다이아몬드 워치(주얼리3종),33,630,190510000,-0.355505235,1371,0.7,100293,200950,잡화,139000
일시불 삼성 UHD TV UN55NU7010FXKR,33,660,337597000,-0.276982452,338,0.7,100575,201737,가전,1000000
무이자 삼성 UHD TV UN55NU7010FXKR,33,660,388522000,-0.249796007,360,0.7,100575,201684,가전,1080000
일시불 삼성 UHD TV UN65NU7010FXKR,33,660,227226000,-0.335904302,134,0.7,100575,201741,가전,1700000
무이자 삼성 UHD TV UN65NU7010FXKR,33,660,388495000,-0.249810421,216,0.7,100575,201687,가전,1800000
일시불 삼성 UHD TV UN75NU7010FXKR,33,660,113267000,-0.396741614,42,0.7,100575,201745,가전,2700000
무이자 삼성 UHD TV UN75NU7010FXKR,33,660,207058000,-0.346671041,72,0.7,100575,201691,가전,2880000
천연담아 명품다시팩 100포,30,600,1212478000,0.190075075,29884,1.6,100582,201788,농수축,39900
카파 발란스테크 브라팬티 12세트,30,600,1051734000,0.104261467,8838,0.9,100606,201852,속옷,119000
궁중 손질새우 200미 + 동태포 200g,30,600,1650690000,0.424015705,40359,1.9,100026,200039,농수축,40900
락앤락 비스프리 온더테이블 밀폐용기세트,30,900,1236846000,0.203083996,19087,1.3,100100,200279,주방,64800
임페리얼 남성 울 블렌딩 니트 3종,30,592,376775000,-0.256067174,7689,0.9,100585,201794,의류,49000
가)세렌셉템버 다이아 체크 리빙박스+압축팩,30,600,700679000,-0.0831501701,11717,1.0,100226,200785,생활용품,59800
키친아트 스텐밀폐용기 세트,30,600,685295000,-0.091362959,8577,0.9,100241,200817,주방,79900
아키 조끼형 더블보정 란쥬 쉐이퍼(96차),28,840,1045181000,0.10076313,13081,1.1,100081,200218,속옷,79900
로베르타 디 까메리노 올레이스 지퍼브라팬티,27,540,946592000,0.0481311329,10529,1.0,100718,202108,속옷,89900
엘렌실라 달팽이크림(콜라겐5+팩트3),27,540,592396000,-0.140957335,7499,0.9,100774,202261,이미용,79000
메시제이 퀼팅코트+퍼베스트,27,540,608086000,-0.132581187,9623,1.0,100369,201161,의류,79000
레이프릴 무빙 맥시풀커버 브라팬티(리뉴얼),27,536,814737000,-0.0222600062,13602,1.1,100193,200653,속옷,59900
레이프릴 골드라벨 무빙 란쥬,27,528,586547000,-0.144079839,8391,0.9,100192,200648,속옷,69900
통째로 착즙한 루비 석류즙 84포,26,520,966745000,0.0588898651,12555,1.1,100321,201023,건강기능,77000
크리스티나앤코 가디건세트,26,520,766816000,-0.0478427584,24931,1.4,100458,201412,의류,34000
보코 리버시블 무스탕,24,480,482895000,-0.199414732,6265,0.9,100816,202404,의류,79000
일시불[가이거] 제니스시계 주얼리세트,24,466,434305000,-0.225354632,3367,0.8,100293,200952,잡화,129000
무이자[가이거] 제니스시계 주얼리세트,24,466,217175000,-0.341270054,1562,0.7,100293,200949,잡화,139000
아리스토우 남성기모티셔츠5종,24,465,482629000,-0.199556737,12096,1.0,100342,201059,의류,39900
에코라믹 컬링스톤프라이팬세트,24,720,1178709000,0.172047405,23157,1.4,100088,200235,주방,50900
마리노블 밍크 퍼 베스트,24,476,595031000,-0.139550633,2212,0.7,100049,202046,의류,269000
무이자 아이넥스 프리미엄 올스텐 싱크선반,24,480,215578000,-0.342122617,2274,0.7,100066,200156,주방,94800
일시불 아이넥스 프리미엄 올스텐 싱크선반,24,480,326062000,-0.283140443,3672,0.8,100066,200160,주방,88800
삭루츠 크로스바디 백(TQ12),24,480,511889000,-0.183936209,11634,1.0,100489,201471,잡화,44000
삭루츠 버켓 백(TQ18),24,480,365014000,-0.262345815,7020,0.9,100489,201470,잡화,52000
CERINI by PAT 남성 소프트 기모 릴렉스팬츠,21,420,906207000,0.0265714942,15129,1.1,100808,202377,의류,59900
그렉노먼 남성 캐시터치 터틀넥 4종,21,413,248728000,-0.324425402,3558,0.8,100377,201225,의류,69900
그렉노먼 여성 캐시터치 터틀넥 4종,21,413,207474000,-0.346448959,2968,0.8,100377,201231,의류,69900
청정수산 완도활전복 中사이즈 26미,21,420,781583000,-0.0399593565,13048,1.1,100832,202447,농수축,59900
월드컵 남성 워킹화+슬립온,21,416,401242000,-0.243005401,10081,1.0,100731,202133,잡화,39800
월드컵 여성 워킹화+슬립온,21,416,368061000,-0.260719166,9248,1.0,100731,202142,잡화,39800
아가타 여성 주얼 슬립온+스트랩슬립온,21,420,671130000,-0.0989249816,13449,1.1,100755,202206,잡화,49900
엔셀라두스 밴딩팬츠 3종,21,420,499414000,-0.190596021,15545,1.1,100783,202294,의류,39000
테이트 여성 SS 트렌치재킷,21,420,477399000,-0.202348786,6830,0.9,100346,201076,의류,69900
테이트 남성 SS 트렌치재킷,21,420,180005000,-0.361113357,2575,0.8,100346,201069,의류,69900
제주농장 유기 양배추진액 120포,20,400,386576000,-0.250834884,5161,0.8,100651,201972,건강기능,74900
오모떼 360도 텐션업 레이스 패키지 시즌4,18,540,777379000,-0.042203673,7132,0.9,100305,200970,속옷,109000
푸마 에어핏 서포트 브라세트 15종+4종,18,360,974350000,0.0629498143,8188,0.9,100607,201892,속옷,119000
푸마 INNO 심리스 드로즈 (6차),18,356,404611000,-0.241206852,4546,0.8,100610,201860,속옷,89000
푸마 INNO 심리스 롱드로즈 (1차),18,356,69493000,-0.420110479,781,0.7,100610,201861,속옷,89000
푸마 NEW 트렁크 패키지,18,356,47102000,-0.432063974,529,0.7,100610,201865,속옷,89000
오모떼 프런트후크 데오브라 시즌2,18,540,905069000,0.02596397,15340,1.1,100305,200988,속옷,59000
일시불 메디쉴드 자동 목 견인기기,18,360,157471000,-0.373143192,662,0.7,100738,202168,생활용품,238000
무이자 메디쉴드 자동 목 견인기기,18,360,147752000,-0.378331706,596,0.7,100738,202165,생활용품,248000
로베르타 디 까메리노 트리플커버 지퍼쉐이핑 란쥬,18,540,1148807000,0.156084143,12779,1.1,100717,202110,속옷,89900
AAE LA갈비 7팩,18,360,595458000,-0.139322678,8519,0.9,100022,200033,농수축,69900
남영비비안 스킨핏 Dream Fit 브라팬티,18,344,369881000,-0.259747554,3703,0.8,100696,202060,속옷,99900
쓰임 마호가니 원목도마 4종 세트,18,360,463860000,-0.209576617,8959,1.0,100180,200607,주방,56900
일시불 삼성 유로피안 냉장고RS82M6000S8,18,360,393815000,-0.246970325,299,0.7,100574,201771,가전,1319000
무이자 삼성 유로피안 냉장고RS82M6000S8,18,360,226774000,-0.336145603,157,0.7,100574,201719,가전,1449000
몬테밀라노 컴포트앤핏 브라팬티 5+5세트,18,360,677504000,-0.0955222049,6843,0.9,100278,200903,속옷,99000
까사마루행거 2단,18,360,303982000,-0.294927909,7794,0.9,100134,200365,생활용품,39000
무이자 쿠진나이프케어 살균건조기풀세트,18,360,230245000,-0.3342926,1448,0.7,100771,202251,주방,159000
일시불 쿠진나이프케어 살균건조기풀세트,18,360,294759000,-0.299851632,2005,0.7,100771,202256,주방,147000
헤비추얼 여성 이지라이프 데님팬츠 3종,18,356,255922000,-0.320584866,4338,0.8,100089,200246,의류,59000
헤비추얼 남성 이지라이프 데님팬츠 3종,18,356,224818000,-0.337189819,3811,0.8,100089,200242,의류,59000
헤비추얼 여성 트렌치 맥코트,18,540,796958000,-0.0317513722,16264,1.2,100090,200247,의류,49000
헤비추얼 남성 트렌치 맥코트,18,540,389216000,-0.249425513,7943,0.9,100090,200243,의류,49000
무이자 프로피쿡 에어프라이어,16,480,336178000,-0.277739989,3396,0.8,100427,201339,주방,99000
일시불 프로피쿡 에어프라이어,16,480,397339000,-0.245089028,4227,0.8,100427,201340,주방,94000
오모떼 미라클쉐이핑 브라팬티 시즌2,16,480,617933000,-0.12732434,6242,0.9,100305,200980,속옷,99000
쿠미투니카 황후의코르셋 하이웨이스트팬티(리뉴얼),15,300,340218000,-0.275583225,5680,0.9,100779,202282,속옷,59900
올리고 가스와이드그릴레인지 프리미엄형,15,300,425460000,-0.230076558,3298,0.8,100097,200268,주방,129000
올리고 가스와이드그릴레인지 기본형,15,300,74497000,-0.417439081,683,0.7,100097,200267,주방,109000
엘르 메르시(Merci) 토트백세트,15,284,191847000,-0.354791474,3915,0.8,100602,201844,잡화,49000
K-SWISS 남성약기모팬츠3종,15,292,198105000,-0.351450624,3025,0.8,100250,200844,의류,69900
NNF 더블페이스 쿠션재킷+베스트,15,300,666227000,-0.101542461,19035,1.3,100454,201399,의류,35000
올바로바른자세밴드 2종세트,15,296,401614000,-0.242806808,8065,0.9,100201,200684,생활용품,49800
그렉노먼 남성 디보티 컬렉션 트렌치코트 1종,15,300,196553000,-0.352279163,3939,0.8,100377,201221,의류,49900
그렉노먼 여성 디보티 컬렉션 트렌치코트 1종,15,300,351686000,-0.269461003,7048,0.9,100377,201227,의류,49900
남영비비안 소노르 베르사유 노와이어 컬렉션 브라,15,283,769367000,-0.0464809003,7771,0.9,100695,202058,속옷,99000
LG생활건강 테크 한장빨래 화이트업(30매X9박스),15,300,355869000,-0.267227897,5951,0.9,100330,201038,생활용품,59800
아리스토우 남성 패딩트랙수트세트,14,280,261483000,-0.317616112,4365,0.8,100341,201058,의류,59900
아리스토우 여성 패딩트랙수트세트,14,280,245695000,-0.326044577,4102,0.8,100341,201061,의류,59900
일시불 쿠첸 풀스텐 압력밥솥 10인용 ,14,272,383714000,-0.25236277,2429,0.8,100448,202097,주방,158000
오모떼 레이스 파운데이션 브라,12,240,310178000,-0.291620158,5257,0.8,100305,200974,속옷,59000
레이프릴 무빙 맥시풀커버 브라팬티,12,234,241939000,-0.328049728,3461,0.8,100193,200652,속옷,69900
벨라홈 논슬립 옷걸이 세트,12,237,124563000,-0.390711215,4180,0.8,100229,200800,생활용품,29800
로이몬스터 남녀 벤치후드롱패딩,12,360,551089000,-0.163009186,11066,1.0,100481,201457,의류,49800
임페리얼 남성 릴렉스 본딩팬츠 3종,12,240,143493000,-0.380605384,2080,0.7,100584,201792,의류,69000
임페리얼 여성 릴렉스 본딩팬츠 3종,12,240,120797000,-0.392721704,1751,0.7,100584,201799,의류,69000
무이자 스위스밀리터리 에어프라이어,12,240,488029000,-0.196673933,3536,0.8,100366,201155,주방,138000
일시불 스위스밀리터리 에어프라이어,12,240,456813000,-0.213338677,3461,0.8,100366,201156,주방,132000
무이자  모즈 커피머신&미니오븐,12,356,126543000,-0.389654186,673,0.7,100209,200747,주방,188000
일시불  모즈 커피머신&미니오븐,12,356,160951000,-0.371285385,958,0.7,100209,200752,주방,168000
무이자  모즈 커피머신,12,356,28940000,-0.441759805,224,0.7,100209,200746,주방,129000
일시불  모즈 커피머신,12,356,32572000,-0.439820852,274,0.7,100209,200751,주방,119000
무이자  모즈 미니오븐,12,356,13905000,-0.449786279,156,0.7,100209,200745,주방,89000
일시불  모즈 미니오븐,12,356,19075000,-0.447026261,241,0.7,100209,200750,주방,79000
무이자 아이오 진공포장기,12,240,99864000,-0.403896841,1122,0.7,100371,201164,주방,89000
일시불 아이오 진공포장기,12,240,133176000,-0.386113142,1585,0.7,100371,201165,주방,84000
일시불 한삼인순홍삼진7박스 (백A1),12,240,210241000,-0.344971789,1175,0.7,100054,200138,건강기능,179000
무이자 한삼인순홍삼진7박스 (백A1),12,240,148568000,-0.377896082,786,0.7,100054,200137,건강기능,189000
보코 윈터 기모 풀코디 4종세트,12,240,213621000,-0.343167367,5477,0.8,100815,202417,의류,39000
뉴 클레린 티메이커 시그니처플러스 1+1,12,240,211254000,-0.344430996,2521,0.8,100658,201986,주방,83800
뉴 클레린 티메이커 플러스,12,240,14546000,-0.44944408,228,0.7,100658,201987,주방,63800
오모떼 에어홀릭 브라팬티,12,235,171299000,-0.365761078,2168,0.7,100305,200986,속옷,79000
일시불 삼성 UHD 국민TV UN55NU7010FXKR,12,240,250830000,-0.323303244,251,0.7,100575,201749,가전,1000000
무이자 삼성 UHD 국민TV UN55NU7010FXKR,12,240,239766000,-0.329209789,222,0.7,100575,201696,가전,1080000
루이바셋 여성 기모 웜 본딩팬츠 3종,12,240,209040000,-0.345612946,5239,0.8,100762,202217,의류,39900
강원도양구 간편시래기 + 시래기 들깨 무침,12,240,401283000,-0.242983513,12987,1.1,100698,202062,농수축,30900
캘리포니아 카라카라 오렌지 8kg,12,240,325463000,-0.28346022,7958,0.9,100745,202184,농수축,40900
로베르타 디 까메리노 아쿠아마레 백팩 4종세트,12,240,222547000,-0.338402198,3772,0.8,100600,201842,잡화,59000
국내산 특大손질갑오징어 6팩,12,240,174235000,-0.364193686,3492,0.8,100322,201482,농수축,49900
노와 스텐 대용량에어프라이어 4L,12,360,509899000,-0.184998576,6013,0.9,100657,201985,주방,84800
이봉원 정직한 안창살 + 갈비살구이,11,220,378644000,-0.255069403,6321,0.9,100497,201498,농수축,59900
월드컵 남성다이얼트레킹화세트,10,300,238148000,-0.330073563,3982,0.8,100731,202136,잡화,59800
월드컵 여성다이얼트레킹화세트,10,300,167671000,-0.367697895,2804,0.8,100731,202146,잡화,59800
푸마 코튼 라이크라 드로즈 12종,9,180,272914000,-0.311513642,3066,0.8,100610,201901,속옷,89000
푸마 드라이셀라인 뉴 런닝 9종,9,180,22995000,-0.444933559,258,0.7,100610,201880,속옷,89000
마담팰리스 웜기모 롱베스트 3종세트,9,180,207536000,-0.34641586,5201,0.8,100761,202216,의류,39900
마리끌레르 파리컬렉션 리얼 하이드로 립스틱(리뉴얼),9,177,138825000,-0.383097408,3479,0.8,100266,200881,이미용,39900
농협안심벌꿀 4병,9,180,266305000,-0.315041874,4446,0.8,100740,202171,농수축,59900
테이트 남성 기모티셔츠6종,9,177,44999000,-0.433186666,1128,0.7,100346,201070,의류,39900
테이트 여성 기모티셔츠6종,9,177,52285000,-0.429297015,1310,0.7,100346,201077,의류,39900
제주 한라봉2박스+천혜향1박스,9,177,241486000,-0.328291563,5501,0.8,100744,202182,농수축,43900
베지밀 검은콩 두유  96팩,9,180,162538000,-0.370438161,3193,0.8,100378,201234,건강기능,50900
전철우 소갈비살구이 10팩,9,180,317118000,-0.28791522,5294,0.8,100495,201499,농수축,59900
NNF 여성 롱패딩1종,9,180,154782000,-0.374578722,3159,0.8,100454,201404,의류,49000
크린조이 황사 방역마스크 대형 105매,9,180,107739000,-0.399692751,1799,0.7,100798,202361,생활용품,59900
크린조이 황사 방역마스크 소형 105매,9,180,15464000,-0.448954003,258,0.7,100798,202362,생활용품,59900
CERINI by PAT 남성 집업니트4종,9,180,205481000,-0.347512927,3430,0.8,100809,202392,의류,59900
종근당건강 프로메가 오메가3 파워,9,180,172062000,-0.365353748,2178,0.7,100653,201982,건강기능,79000
특집  이롬 황성주1일1생식 스페셜,9,180,86573000,-0.410992276,484,0.7,100367,201157,건강기능,179000
파시노 이지앤퀵 빗살 뿌리펌,9,180,123814000,-0.39111107,1771,0.7,100446,201370,이미용,69900
벨라홈 릴렉스 체어,9,177,131003000,-0.387273204,2778,0.8,100234,200803,생활용품,45800
(일)한샘 HG 화이트 실버슬림 붙박이장(2.2m),9,180,34113000,-0.438998185,53,0.7,100505,201545,가구,649000
(무)한샘 HG 화이트 실버슬림 붙박이장(2.2m),9,180,11877000,-0.450868933,16,0.7,100505,201528,가구,749000
(일)한샘 HG 화이트 실버슬림 붙박이장(3.2m),9,180,65869000,-0.422045161,60,0.7,100505,201546,가구,1099000
(무)한샘 HG 화이트 실버슬림 붙박이장(3.2m),9,180,37059000,-0.437425456,31,0.7,100505,201529,가구,1199000
(일)한샘 HG 화이트 실버슬림 붙박이장(4.2m),9,180,58109000,-0.426187858,42,0.7,100505,201547,가구,1399000
(무)한샘 HG 화이트 실버슬림 붙박이장(4.2m),9,180,34775000,-0.438644775,23,0.7,100505,201530,가구,1499000
CERINI by PAT 남성 어반 카라 티셔츠 4종,9,176,216156000,-0.34181405,3339,0.8,100809,202383,의류,69900
아이넥스 프리미엄 올스텐 싱크선반,8,240,325707000,-0.28332996,3627,0.8,100066,200157,주방,89800
코튼데이 유기농 순면 마스크 KF94 60매,8,160,390020000,-0.248996296,9775,1.0,100450,201392,생활용품,39900
뽕셰프 이봉원 특갈비탕 12팩,6,120,162826000,-0.370284411,2674,0.8,100496,201497,농수축,60900
푸마 웜셀 기모 치마레깅스 3종,6,114,102686000,-0.402390309,1740,0.7,100613,201894,속옷,59000
에펨 여성 미들퍼부츠,6,120,37912000,-0.436970079,1128,0.7,100781,202292,잡화,39800
에펨 남성 미들퍼부츠,6,120,23537000,-0.444644211,527,0.7,100781,202285,잡화,49800
로베르타 디 까메리노 360커브드 지퍼 쉐이핑 란쥬,6,120,94928000,-0.406531937,1056,0.7,100717,202101,속옷,89900
스포메틱스 리얼핏 모이스춰라이징 코코넛크림,6,116,83758000,-0.412495071,1679,0.7,100212,200756,이미용,49900
스칼프솔루션 트리트먼트 패키지,6,120,65558000,-0.422211189,1288,0.7,100267,200883,이미용,50900
K-SWISS 남성기모티셔츠 5종,6,120,121746000,-0.392215077,1764,0.7,100251,200842,의류,69000
K-SWISS 여성기모티셔츠 5종,6,120,45590000,-0.432871159,661,0.7,100251,200855,의류,69000
종근당건강 전립쎈 프라임,6,116,77668000,-0.415746234,873,0.7,100655,201981,건강기능,89000
레이프릴 더블엑스 매직니퍼팬티(FW리뉴얼),6,120,80990000,-0.413972775,2077,0.7,100194,200650,속옷,39000
세인트스코트 얼티밋 캐리어 7종 세트(백팩),6,169,112061000,-0.39738544,869,0.7,100215,200761,잡화,129000
키친플라워 참소쿠리 2세트,6,120,90226000,-0.409042112,2267,0.7,100243,200822,주방,39800
키친플라워 참소쿠리 1세트,6,120,11252000,-0.45120259,378,0.7,100243,200821,주방,29800
오모떼 리얼스킨 쉐이핑 브라팬티,6,175,119890000,-0.393205908,1391,0.7,100305,200977,속옷,89000
씨엔지코리아 방역용마스크 KF94 60매,6,120,98606000,-0.404568427,2411,0.8,100227,200787,생활용품,40900
[농협] 대학 찰 옥수수 10봉(30개),6,120,191295000,-0.355086161,4794,0.8,100041,200114,농수축,39900
[수협] 자연산 제주 옥돔 + 갈치 세트,6,120,135070000,-0.385102025,1905,0.7,100581,201787,농수축,70900
일시불 대우전자 미니건조기 DWR-03IDDC,6,120,35993000,-0.437994542,95,0.7,100289,200932,가전,379000
무이자 대우전자 미니건조기 DWR-03IDDC,6,120,35998000,-0.437991873,90,0.7,100289,200924,가전,399000
일시불 대우전자 미니건조기 DWR-03IDWH,6,120,9232000,-0.452280973,28,0.7,100289,200933,가전,329000
무이자 대우전자 미니건조기 DWR-03IDWH,6,120,10706000,-0.451494074,31,0.7,100289,200925,가전,349000
보코 니트웨어 풀코디,6,120,93477000,-0.407306558,1566,0.7,100815,202403,의류,69000
로벤탈 국내산  IH 실버팬 세트,6,120,135537000,-0.384852716,1939,0.7,100725,202116,주방,69900
일시불 LG 노트북 그램 15인치 15Z980-L.AR1DK,6,120,22239000,-0.445337152,17,0.7,100151,200496,가전,1330000
무이자 LG 노트북 그램 15인치 15Z980-L.AR1DK,6,120,24420000,-0.444172819,17,0.7,100151,200429,가전,1420000
일시불 LG 노트북 그램 15인치 15Z980-G.AR3DK,6,120,95920000,-0.406002356,62,0.7,100151,200495,가전,1559000
무이자 LG 노트북 그램 15인치 15Z980-G.AR3DK,6,120,197680000,-0.351677511,120,0.7,100151,200428,가전,1649000
무이자 쿠쿠 하이브리드 인덕션레인지(프리미엄형),6,120,53869000,-0.428451393,67,0.7,100839,202464,주방,799000
일시불 쿠쿠 하이브리드 인덕션레인지(프리미엄형),6,120,23482000,-0.444673573,31,0.7,100839,202477,주방,769000
무이자 쿠쿠 하이브리드 인덕션레인지(고급형),6,120,8392000,-0.452729409,12,0.7,100839,202463,주방,699000
일시불 쿠쿠 하이브리드 인덕션레인지(고급형),6,120,7974000,-0.452952559,12,0.7,100839,202476,주방,669000
달바 화이트 트러플 퍼스트 인텐시브 세럼,6,120,71861000,-0.418846316,899,0.7,100529,201603,이미용,79900
천연담아 명품다시팩 120포,6,120,147897000,-0.378254297,2964,0.8,100582,201789,농수축,49900
벨라홈 논슬립 옷걸이 세트 1+1,6,120,42468000,-0.434537847,853,0.7,100229,200801,생활용품,49800
에르나벨 체크배색 데일리 트렌치코트,6,120,187050000,-0.357352365,3817,0.8,100214,200760,의류,49000
청정수산 완도활전복 大사이즈 20미,6,120,215262000,-0.342291314,3594,0.8,100832,202445,농수축,59900
푸마 드로즈 블랙에디션 패키지,6,111,42190000,-0.434686258,474,0.7,100610,201881,속옷,89000
NNF 소프트 베스트 앙상블,6,102,226922000,-0.336066593,7589,0.9,100452,201401,의류,29900
일시불 LG 퓨리케어 공기청정기 AS281DAW,6,120,88744000,-0.409833282,84,0.7,100153,200535,가전,1059000
무이자 LG 퓨리케어 공기청정기 AS281DAW,6,120,125900000,-0.389997454,110,0.7,100153,200467,가전,1149000
일시불 LG 퓨리케어 공기청정기 AS181DAW,6,120,18696000,-0.447228591,23,0.7,100153,200534,가전,809000
무이자 LG 퓨리케어 공기청정기 AS181DAW,6,120,27693000,-0.442425519,31,0.7,100153,200466,가전,899000
굿프렌드 굿터치클리너 1+1,6,116,82279000,-0.413284639,2062,0.7,100807,202373,생활용품,39900
굿프렌드 굿터치클리너,6,116,10854000,-0.451415064,363,0.7,100807,202372,생활용품,29900
우리바다 손질왕꼬막 20팩,6,120,201108000,-0.349847465,5040,0.8,100435,201349,농수축,39900
바다먹자 국내산 손질문어 9팩,6,120,113361000,-0.396691432,1892,0.7,100802,202366,농수축,59900
테이트 남성 셀린니트3종,5,100,29843000,-0.441277736,748,0.7,100346,201072,의류,39900
테이트 여성 셀린니트3종,5,100,55233000,-0.427723218,1384,0.7,100346,201079,의류,39900
크로커다일 The 편안한 코튼 브라팬티 4세트,5,100,143639000,-0.380527442,2055,0.7,100664,201999,속옷,69900
에펨 남성 NEW컴포트 캐쥬얼슈즈,5,96,24246000,-0.444265709,609,0.7,100781,202283,잡화,39800
에펨 여성 NEW컴포트 캐쥬얼슈즈,5,96,40957000,-0.435344498,1029,0.7,100781,202288,잡화,39800
더블유베일 풀스킨 폭스카라 머스크랫 코트,4,120,158486000,-0.372601332,227,0.7,100336,201048,의류,699000
에버홈 직화그릴,4,120,107276000,-0.399939925,1537,0.7,100805,202369,주방,69800
국내생산 스텐락 심플 스텐밀폐용기 17종,4,120,151336000,-0.376418378,1529,0.7,100001,200001,주방,99000
무이자 김병만의 달인 공구 세트,4,116,42901000,-0.434306688,241,0.7,100737,202164,생활용품,178000
일시불 김병만의 달인 공구 세트,4,116,41565000,-0.435019916,240,0.7,100737,202167,생활용품,173000
CERINI by PAT 남성 풀패키지 기모니트 3종,3,60,259678000,-0.318579716,3250,0.8,100809,202395,의류,79900
NNF 쿠션퍼자켓+베스트,3,60,74098000,-0.417652088,1857,0.7,100454,201409,의류,39900
"SPC삼립 한입 호빵 13봉(혼합, 팥8+야채5봉)",3,60,47845000,-0.431667321,1548,0.7,100722,202113,농수축,30900
"SPC삼립 한입 호빵 13봉(단일, 팥 13봉)",3,60,27619000,-0.442465024,894,0.7,100722,202112,농수축,30900
로베르타 디 까메리노 노벨라백 2종,3,60,73259000,-0.41809999,1878,0.7,100600,201840,잡화,39000
아문센 남성 윈터 하드쉘 세트,3,60,30218000,-0.441077541,383,0.7,100222,200773,의류,79000
아문센 여성 윈터 하드쉘 세트,3,60,19209000,-0.446954725,243,0.7,100222,200774,의류,79000
(a4)팽현숙의 순대 곱창 전골&볶음,3,57,55476000,-0.427593492,1264,0.7,100430,201343,농수축,43900
도네이 남성 터틀넥 스웨터 4종,3,57,13874000,-0.449802829,283,0.7,100221,200771,의류,49000
도네이 여성 터틀넥 스웨터 4종,3,57,14515000,-0.449460629,296,0.7,100221,200772,의류,49000
소들녘 더 맛있는 NEW  돼지왕구이 12팩,3,60,64374000,-0.422843271,1240,0.7,100198,200669,농수축,51900
에버라스트 남성 기능성 에어로웜 동내의 3세트,3,60,23951000,-0.444423196,600,0.7,100280,200907,속옷,39900
에버라스트 여성 기능성 에어로웜 동내의 3세트,3,60,14410000,-0.449516684,361,0.7,100280,200908,속옷,39900
일시불  락앤락 블랙우드 칼블럭7종+키친툴7종,3,60,29626000,-0.441393582,319,0.7,100101,200284,주방,93000
무이자 락앤락 블랙우드 칼블럭7종+키친툴7종,3,60,5422000,-0.454314951,55,0.7,100101,200281,주방,98000
보코 퀼팅베스트+터틀넥2종,3,60,60308000,-0.425013916,1546,0.7,100815,202419,의류,39000
몬테밀라노 어메이징핏 하이웨스트 팬티 10종,3,60,38100000,-0.436869715,636,0.7,100276,200901,속옷,59900
일시불 삼성 블루스카이 공기청정기 AX40N3080DMD 1세트,3,60,41998000,-0.434788757,136,0.7,100578,201767,가전,309000
무이자 삼성 블루스카이 공기청정기 AX40N3080DMD 1세트,3,60,22765000,-0.445056345,67,0.7,100578,201715,가전,339000
일시불 삼성 블루스카이 공기청정기 AX40N3080DMD 2세트,3,60,41797000,-0.434896062,74,0.7,100578,201768,가전,565000
무이자 삼성 블루스카이 공기청정기 AX40N3080DMD 2세트,3,60,16727000,-0.448279747,27,0.7,100578,201716,가전,615000
일시불 삼성 건조기 9kg 블랙케비어 DV90M53B0QV,3,60,3484000,-0.455349558,3,0.7,100576,201753,가전,1250000
무이자 삼성 건조기 9kg 블랙케비어 DV90M53B0QV,3,60,7302000,-0.453311308,5,0.7,100576,201700,가전,1340000
일시불 삼성 건조기 9kg 이녹스실버 DV90M53B0QP,3,60,6549000,-0.453713299,5,0.7,100576,201754,가전,1200000
무이자 삼성 건조기 9kg 이녹스실버 DV90M53B0QP,3,60,3591000,-0.455292435,3,0.7,100576,201701,가전,1290000
일시불 삼성 건조기 9kg 화이트 DV90M53B0QW,3,60,6010000,-0.454001046,5,0.7,100576,201755,가전,1100000
무이자 삼성 건조기 9kg 화이트 DV90M53B0QW,3,60,19185000,-0.446967538,16,0.7,100576,201702,가전,1190000
일시불 쿠첸 스마트 투인원 티메이커,3,60,8008000,-0.452934408,95,0.7,100716,202096,주방,84000
무이자 쿠첸 스마트 투인원 티메이커,3,60,3552000,-0.455313256,40,0.7,100716,202091,주방,89000
"구워만든 곡물그대로 21, 3종 20봉",3,60,56274000,-0.427167477,1128,0.7,100016,200026,농수축,49900
"구워만든 곡물그대로 21, 오리지널 10봉",3,60,4786000,-0.454654482,120,0.7,100016,200025,농수축,39900
장보고 완도매생이 30개,3,60,115565000,-0.395514821,3513,0.8,100797,202360,농수축,32900
해피콜  X2싱크릴 분리가능 양면그릴,3,60,40932000,-0.435357844,187,0.7,100518,201585,주방,219000
보코 기모 퀼팅 패딩,3,60,71592000,-0.418989922,1213,0.7,100814,202401,의류,59000
보코 여성 울코트 1종,3,56,44433000,-0.433488826,753,0.7,100816,202414,의류,59000
"여자를 위한 빨강 팥물, 레드빈 티톡 100포",3,60,19154000,-0.446984087,309,0.7,100666,202005,건강기능,62000
"여자를 위한 빨강 팥물, 레드빈 티톡 50포",3,60,1419000,-0.456451963,34,0.7,100666,202006,건강기능,42000
베스트 하임 에어프라이어,3,60,44042000,-0.433697563,557,0.7,100295,200956,주방,79000
(일)3인용 한샘 뉴퍼스티지R 리클라이너,3,60,15253000,-0.449066646,11,0.7,100504,201543,가구,1349100
(무)3인용 한샘 뉴퍼스티지R 리클라이너,3,60,150000,-0.457129422,0,0.7,100504,201526,가구,1499000
(일)4인용 한샘 뉴퍼스티지R 리클라이너,3,60,34379000,-0.438856181,22,0.7,100504,201544,가구,1529100
(무)4인용 한샘 뉴퍼스티지R 리클라이너,3,60,9662000,-0.452051416,6,0.7,100504,201527,가구,1699000
(ARS10%)크로커다일 풀커버 레이스 브라팬티 4세트,3,60,73361000,-0.418045537,918,0.7,100664,201997,속옷,79900
그렉노먼 남성 구스다운 롱 벤치코트,2,60,51795000,-0.429558603,435,0.7,100377,201220,의류,119000
그렉노먼 여성 구스다운 롱 벤치코트,2,60,68135000,-0.420835451,573,0.7,100377,201226,의류,119000
스위스밀리터리 전동공구세트,2,60,83659000,-0.412547923,606,0.7,100433,201346,생활용품,138000
쿠미투니카 하이서포트 심리스  란쥬&팬티,2,60,63618000,-0.423246863,796,0.7,100445,202281,속옷,79900
헤스떼벨 웜 업 란쥬쉐이퍼,2,60,39341000,-0.436207204,773,0.7,100124,200332,속옷,50900
마스케라 밍크니팅모자세트,2,60,33805000,-0.439162612,679,0.7,100678,202025,잡화,49800
마스케라 풀스킨 밍크머플러세트,2,60,11507000,-0.451066458,231,0.7,100678,202027,잡화,49800
