,1,2,3,4,5,6,7
2:00,0.0009,0.0019,0.0052,0.0013,0.0033,0.0026,0.0024
2:01,0.0009,0.0020,0.0071,0.0019,0.0043,0.0026,0.0027
2:02,0.0013,0.0022,0.0065,0.0028,0.0059,0.0025,0.0039
2:03,0.0016,0.0024,0.0062,0.0026,0.0058,0.0021,0.0040
2:04,0.0019,0.0027,0.0067,0.0026,0.0064,0.0018,0.0042
2:05,0.0034,0.0027,0.0073,0.0022,0.0042,0.0018,0.0048
2:06,0.0029,0.0025,0.0042,0.0021,0.0029,0.0029,0.0035
2:07,0.0021,0.0025,0.0038,0.0018,0.0028,0.0032,0.0039
2:08,0.0026,0.0025,0.0030,0.0025,0.0026,0.0020,0.0033
2:09,0.0020,0.0025,0.0045,0.0030,0.0048,0.0016,0.0033
2:10,0.0012,0.0025,0.0042,0.0023,0.0076,0.0019,0.0033
2:11,0.0019,0.0029,0.0046,0.0025,0.0045,0.0023,0.0033
2:12,0.0016,0.0033,0.0048,0.0026,0.0014,0.0017,0.0052
2:13,0.0028,0.0030,0.0043,0.0026,0.0014,0.0023,0.0047
2:14,0.0028,0.0029,0.0048,0.0027,0.0014,0.0025,0.0041
2:15,0.0022,0.0023,0.0048,0.0028,0.0022,0.0021,0.0039
2:16,0.0020,0.0039,0.0045,0.0024,0.0048,0.0026,0.0030
2:17,0.0009,0.0036,0.0045,0.0018,0.0022,0.0026,0.0033
2:18,0.0012,0.0031,0.0043,0.0018,0.0016,0.0030,0.0044
2:19,0.0012,0.0033,0.0047,0.0029,0.0023,0.0031,0.0059
2:20,0.0013,0.0032,0.0052,0.0019,0.0021,0.0030,0.0038
2:21,0.0015,0.0037,0.0053,0.0024,0.0025,0.0023,0.0040
2:22,0.0011,0.0033,0.0055,0.0019,0.0023,0.0026,0.0042
2:23,0.0012,0.0029,0.0050,0.0018,0.0023,0.0021,0.0045
2:24,0.0024,0.0026,0.0048,0.0024,0.0027,0.0024,0.0047
2:25,0.0017,0.0020,0.0048,0.0021,0.0062,0.0026,0.0050
2:26,0.0022,0.0017,0.0051,0.0018,0.0024,0.0023,0.0040
2:27,0.0013,0.0025,0.0053,0.0018,0.0015,0.0015,0.0051
2:28,0.0024,0.0022,0.0049,0.0016,0.0028,0.0034,0.0053
2:29,0.0018,0.0027,0.0057,0.0025,0.0023,0.0033,0.0056
2:30,0.0018,0.0023,0.0048,0.0022,0.0014,0.0030,0.0048
2:31,0.0007,0.0023,0.0050,0.0023,0.0017,0.0024,0.0039
2:32,0.0015,0.0028,0.0054,0.0025,0.0014,0.0020,0.0048
2:33,0.0027,0.0024,0.0046,0.0031,0.0011,0.0020,0.0041
2:34,0.0022,0.0025,0.0049,0.0026,0.0014,0.0021,0.0047
2:35,0.0010,0.0025,0.0045,0.0023,0.0014,0.0024,0.0047
2:36,0.0010,0.0020,0.0049,0.0023,0.0014,0.0022,0.0043
2:37,0.0013,0.0025,0.0052,0.0038,0.0014,0.0019,0.0046
2:38,0.0024,0.0025,0.0050,0.0027,0.0011,0.0028,0.0036
2:39,0.0016,0.0018,0.0038,0.0018,0.0017,0.0022,0.0047
2:40,0.0014,0.0017,0.0034,0.0018,0.0015,0.0028,0.0042
2:41,0.0014,0.0017,0.0034,0.0022,0.0017,0.0035,0.0048
2:42,0.0017,0.0022,0.0032,0.0028,0.0017,0.0035,0.0038
2:43,0.0020,0.0027,0.0032,0.0018,0.0014,0.0026,0.0033
2:44,0.0011,0.0027,0.0032,0.0018,0.0014,0.0031,0.0025
2:45,0.0020,0.0026,0.0042,0.0012,0.0014,0.0030,0.0040
2:46,0.0013,0.0026,0.0036,0.0014,0.0012,0.0033,0.0038
2:47,0.0015,0.0028,0.0036,0.0017,0.0015,0.0029,0.0041
2:48,0.0010,0.0028,0.0035,0.0015,0.0012,0.0032,0.0038
2:49,0.0013,0.0028,0.0026,0.0013,0.0024,0.0023,0.0040
2:50,0.0023,0.0027,0.0034,0.0012,0.0017,0.0014,0.0035
2:51,0.0014,0.0030,0.0034,0.0012,0.0014,0.0014,0.0033
2:52,0.0016,0.0029,0.0052,0.0012,0.0014,0.0010,0.0033
2:53,0.0010,0.0033,0.0053,0.0012,0.0017,0.0008,0.0033
2:54,0.0010,0.0030,0.0052,0.0024,0.0020,0.0012,0.0037
2:55,0.0019,0.0025,0.0035,0.0012,0.0019,0.0021,0.0033
2:56,0.0024,0.0023,0.0048,0.0013,0.0021,0.0013,0.0023
2:57,0.0019,0.0025,0.0043,0.0015,0.0020,0.0010,0.0022
2:58,0.0022,0.0022,0.0045,0.0018,0.0024,0.0010,0.0031
2:59,0.0010,0.0021,0.0037,0.0015,0.0019,0.0008,0.0030
3:00,0.0016,0.0021,0.0045,0.0015,0.0017,0.0009,0.0018
3:01,0.0016,0.0019,0.0041,0.0017,0.0014,0.0008,0.0018
3:02,0.0030,0.0020,0.0041,0.0025,0.0022,0.0008,0.0030
3:03,0.0043,0.0019,0.0034,0.0019,0.0022,0.0009,0.0034
3:04,0.0026,0.0020,0.0035,0.0028,0.0016,0.0012,0.0036
3:05,0.0023,0.0020,0.0032,0.0038,0.0019,0.0012,0.0034
3:06,0.0009,0.0021,0.0039,0.0035,0.0014,0.0012,0.0035
3:07,0.0013,0.0019,0.0035,0.0032,0.0015,0.0009,0.0026
3:08,0.0007,0.0032,0.0032,0.0024,0.0015,0.0009,0.0032
3:09,0.0007,0.0049,0.0037,0.0019,0.0017,0.0009,0.0041
3:10,0.0009,0.0056,0.0032,0.0019,0.0016,0.0017,0.0038
3:11,0.0015,0.0036,0.0068,0.0020,0.0016,0.0019,0.0024
3:12,0.0020,0.0036,0.0067,0.0020,0.0014,0.0015,0.0021
3:13,0.0017,0.0024,0.0040,0.0017,0.0020,0.0015,0.0024
3:14,0.0019,0.0020,0.0042,0.0024,0.0021,0.0019,0.0026
3:15,0.0020,0.0017,0.0046,0.0024,0.0021,0.0024,0.0027
3:16,0.0021,0.0019,0.0052,0.0024,0.0010,0.0024,0.0023
3:17,0.0020,0.0023,0.0052,0.0021,0.0018,0.0030,0.0037
3:18,0.0013,0.0024,0.0033,0.0016,0.0014,0.0021,0.0026
3:19,0.0013,0.0016,0.0033,0.0022,0.0010,0.0021,0.0028
3:20,0.0013,0.0020,0.0033,0.0022,0.0010,0.0019,0.0028
3:21,0.0010,0.0019,0.0033,0.0016,0.0010,0.0015,0.0028
3:22,0.0010,0.0021,0.0031,0.0019,0.0012,0.0015,0.0020
3:23,0.0017,0.0022,0.0032,0.0019,0.0012,0.0012,0.0020
3:24,0.0017,0.0022,0.0032,0.0020,0.0015,0.0012,0.0026
3:25,0.0010,0.0022,0.0045,0.0024,0.0013,0.0012,0.0021
3:26,0.0011,0.0017,0.0045,0.0026,0.0019,0.0012,0.0011
3:27,0.0010,0.0017,0.0058,0.0024,0.0020,0.0015,0.0006
3:28,0.0028,0.0015,0.0032,0.0016,0.0014,0.0017,0.0015
3:29,0.0010,0.0020,0.0029,0.0016,0.0014,0.0012,0.0019
3:30,0.0010,0.0023,0.0035,0.0016,0.0014,0.0029,0.0028
3:31,0.0014,0.0023,0.0061,0.0016,0.0022,0.0024,0.0023
3:32,0.0010,0.0023,0.0062,0.0019,0.0022,0.0012,0.0018
3:33,0.0014,0.0023,0.0056,0.0019,0.0018,0.0026,0.0018
3:34,0.0017,0.0023,0.0046,0.0013,0.0014,0.0022,0.0021
3:35,0.0010,0.0023,0.0034,0.0013,0.0017,0.0025,0.0023
3:36,0.0016,0.0027,0.0037,0.0013,0.0023,0.0026,0.0020
3:37,0.0014,0.0039,0.0036,0.0017,0.0018,0.0030,0.0023
3:38,0.0007,0.0023,0.0033,0.0019,0.0015,0.0026,0.0023
3:39,0.0014,0.0021,0.0028,0.0013,0.0017,0.0022,0.0020
3:40,0.0007,0.0021,0.0049,0.0018,0.0012,0.0013,0.0020
3:41,0.0011,0.0021,0.0050,0.0022,0.0012,0.0017,0.0020
3:42,0.0011,0.0021,0.0047,0.0018,0.0024,0.0017,0.0020
3:43,0.0008,0.0025,0.0045,0.0025,0.0015,0.0024,0.0020
3:44,0.0007,0.0024,0.0048,0.0021,0.0007,0.0013,0.0020
3:45,0.0007,0.0024,0.0044,0.0019,0.0007,0.0016,0.0021
3:46,0.0006,0.0024,0.0050,0.0023,0.0010,0.0028,0.0020
3:47,0.0011,0.0024,0.0041,0.0021,0.0010,0.0024,0.0022
3:48,0.0014,0.0024,0.0036,0.0018,0.0013,0.0022,0.0015
3:49,0.0011,0.0019,0.0049,0.0023,0.0014,0.0022,0.0020
3:50,0.0013,0.0019,0.0045,0.0023,0.0014,0.0028,0.0023
3:51,0.0009,0.0012,0.0041,0.0020,0.0029,0.0021,0.0020
3:52,0.0008,0.0013,0.0052,0.0016,0.0018,0.0013,0.0023
3:53,0.0011,0.0017,0.0049,0.0023,0.0012,0.0013,0.0015
3:54,0.0007,0.0011,0.0039,0.0020,0.0008,0.0013,0.0015
3:55,0.0006,0.0011,0.0050,0.0013,0.0022,0.0017,0.0012
3:56,0.0006,0.0015,0.0038,0.0013,0.0009,0.0017,0.0012
3:57,0.0006,0.0014,0.0024,0.0013,0.0008,0.0013,0.0020
3:58,0.0010,0.0014,0.0022,0.0026,0.0008,0.0013,0.0020
3:59,0.0007,0.0014,0.0027,0.0021,0.0008,0.0013,0.0014
4:00,0.0020,0.0017,0.0016,0.0018,0.0006,0.0017,0.0011
4:01,0.0019,0.0021,0.0019,0.0018,0.0027,0.0018,0.0011
4:02,0.0009,0.0015,0.0025,0.0013,0.0028,0.0018,0.0013
4:03,0.0028,0.0011,0.0022,0.0016,0.0019,0.0017,0.0014
4:04,0.0018,0.0010,0.0020,0.0019,0.0019,0.0020,0.0013
4:05,0.0006,0.0008,0.0015,0.0016,0.0019,0.0013,0.0022
4:06,0.0006,0.0008,0.0018,0.0017,0.0019,0.0013,0.0012
4:07,0.0006,0.0008,0.0020,0.0019,0.0032,0.0025,0.0016
4:08,0.0009,0.0008,0.0020,0.0019,0.0019,0.0015,0.0015
4:09,0.0006,0.0012,0.0015,0.0026,0.0021,0.0015,0.0014
4:10,0.0006,0.0008,0.0015,0.0017,0.0021,0.0014,0.0012
4:11,0.0015,0.0019,0.0015,0.0021,0.0004,0.0013,0.0012
4:12,0.0019,0.0020,0.0017,0.0022,0.0008,0.0013,0.0012
4:13,0.0009,0.0019,0.0017,0.0021,0.0011,0.0011,0.0012
4:14,0.0010,0.0018,0.0022,0.0024,0.0012,0.0019,0.0014
4:15,0.0012,0.0015,0.0029,0.0017,0.0008,0.0022,0.0018
4:16,0.0015,0.0012,0.0024,0.0022,0.0004,0.0024,0.0017
4:17,0.0015,0.0021,0.0022,0.0014,0.0008,0.0012,0.0018
4:18,0.0013,0.0020,0.0023,0.0019,0.0008,0.0018,0.0018
4:19,0.0006,0.0017,0.0027,0.0019,0.0022,0.0018,0.0017
4:20,0.0006,0.0011,0.0030,0.0019,0.0001,0.0020,0.0017
4:21,0.0006,0.0014,0.0025,0.0011,0.0001,0.0011,0.0015
4:22,0.0006,0.0011,0.0037,0.0014,0.0000,0.0016,0.0014
4:23,0.0011,0.0011,0.0028,0.0012,0.0000,0.0016,0.0014
4:24,0.0009,0.0015,0.0028,0.0007,0.0000,0.0011,0.0021
4:25,0.0011,0.0019,0.0030,0.0011,0.0000,0.0013,0.0018
4:26,0.0013,0.0022,0.0037,0.0009,0.0008,0.0013,0.0020
4:27,0.0013,0.0020,0.0028,0.0009,0.0008,0.0015,0.0019
4:28,0.0013,0.0020,0.0023,0.0018,0.0008,0.0013,0.0019
4:29,0.0013,0.0021,0.0024,0.0018,0.0011,0.0011,0.0016
4:30,0.0012,0.0027,0.0026,0.0008,0.0003,0.0011,0.0019
4:31,0.0017,0.0023,0.0026,0.0008,0.0003,0.0019,0.0024
4:32,0.0028,0.0023,0.0030,0.0021,0.0003,0.0016,0.0019
4:33,0.0034,0.0023,0.0039,0.0025,0.0009,0.0016,0.0014
4:34,0.0016,0.0027,0.0021,0.0015,0.0009,0.0014,0.0014
4:35,0.0019,0.0020,0.0056,0.0013,0.0005,0.0014,0.0018
4:36,0.0032,0.0020,0.0055,0.0014,0.0006,0.0014,0.0021
4:37,0.0039,0.0030,0.0052,0.0018,0.0008,0.0013,0.0020
4:38,0.0045,0.0040,0.0022,0.0016,0.0008,0.0015,0.0021
4:39,0.0039,0.0049,0.0018,0.0019,0.0008,0.0015,0.0019
4:40,0.0025,0.0028,0.0016,0.0008,0.0008,0.0014,0.0019
4:41,0.0030,0.0018,0.0016,0.0013,0.0004,0.0010,0.0021
4:42,0.0048,0.0022,0.0016,0.0017,0.0008,0.0012,0.0027
4:43,0.0087,0.0031,0.0016,0.0014,0.0007,0.0009,0.0028
4:44,0.0069,0.0025,0.0017,0.0008,0.0007,0.0016,0.0026
4:45,0.0036,0.0029,0.0012,0.0011,0.0006,0.0019,0.0019
4:46,0.0038,0.0016,0.0012,0.0012,0.0013,0.0016,0.0018
4:47,0.0038,0.0019,0.0021,0.0011,0.0003,0.0019,0.0025
4:48,0.0037,0.0019,0.0024,0.0008,0.0005,0.0019,0.0025
4:49,0.0037,0.0015,0.0022,0.0008,0.0003,0.0012,0.0025
4:50,0.0043,0.0018,0.0012,0.0008,0.0003,0.0014,0.0020
4:51,0.0043,0.0015,0.0012,0.0013,0.0006,0.0016,0.0020
4:52,0.0008,0.0015,0.0016,0.0015,0.0009,0.0013,0.0029
4:53,0.0007,0.0016,0.0022,0.0021,0.0003,0.0020,0.0023
4:54,0.0010,0.0020,0.0023,0.0010,0.0011,0.0021,0.0020
4:55,0.0010,0.0018,0.0015,0.0016,0.0009,0.0012,0.0023
4:56,0.0013,0.0025,0.0014,0.0015,0.0009,0.0017,0.0020
4:57,0.0010,0.0018,0.0017,0.0017,0.0016,0.0017,0.0024
4:58,0.0012,0.0020,0.0024,0.0020,0.0013,0.0012,0.0025
4:59,0.0012,0.0018,0.0020,0.0015,0.0007,0.0019,0.0023
5:00,0.0014,0.0012,0.0007,0.0030,0.0011,0.0011,0.0018
5:01,0.0009,0.0027,0.0018,0.0030,0.0011,0.0013,0.0018
5:02,0.0013,0.0036,0.0021,0.0025,0.0006,0.0013,0.0020
5:03,0.0010,0.0036,0.0016,0.0022,0.0006,0.0011,0.0018
5:04,0.0013,0.0039,0.0013,0.0026,0.0006,0.0014,0.0021
5:05,0.0013,0.0039,0.0013,0.0033,0.0006,0.0014,0.0021
5:06,0.0011,0.0031,0.0011,0.0016,0.0006,0.0015,0.0025
5:07,0.0011,0.0031,0.0008,0.0017,0.0006,0.0018,0.0025
5:08,0.0013,0.0035,0.0012,0.0021,0.0006,0.0012,0.0025
5:09,0.0008,0.0032,0.0011,0.0029,0.0006,0.0004,0.0022
5:10,0.0012,0.0032,0.0009,0.0010,0.0006,0.0004,0.0023
5:11,0.0012,0.0038,0.0015,0.0008,0.0006,0.0007,0.0025
5:12,0.0017,0.0037,0.0026,0.0008,0.0006,0.0002,0.0025
5:13,0.0021,0.0033,0.0019,0.0011,0.0006,0.0003,0.0020
5:14,0.0017,0.0033,0.0012,0.0010,0.0006,0.0003,0.0018
5:15,0.0023,0.0033,0.0014,0.0008,0.0007,0.0003,0.0026
5:16,0.0028,0.0033,0.0009,0.0016,0.0007,0.0002,0.0029
5:17,0.0021,0.0038,0.0009,0.0013,0.0006,0.0002,0.0029
5:18,0.0011,0.0034,0.0009,0.0013,0.0011,0.0005,0.0033
5:19,0.0004,0.0029,0.0010,0.0003,0.0011,0.0003,0.0036
5:20,0.0014,0.0033,0.0010,0.0001,0.0006,0.0004,0.0024
5:21,0.0004,0.0033,0.0007,0.0006,0.0009,0.0007,0.0034
5:22,0.0007,0.0040,0.0011,0.0010,0.0009,0.0007,0.0029
5:23,0.0003,0.0038,0.0009,0.0006,0.0006,0.0017,0.0039
5:24,0.0004,0.0043,0.0009,0.0004,0.0006,0.0015,0.0038
5:25,0.0003,0.0038,0.0013,0.0007,0.0003,0.0010,0.0038
5:26,0.0005,0.0042,0.0016,0.0010,0.0011,0.0007,0.0042
5:27,0.0006,0.0038,0.0027,0.0005,0.0003,0.0008,0.0044
5:28,0.0009,0.0032,0.0028,0.0008,0.0008,0.0007,0.0049
5:29,0.0005,0.0035,0.0018,0.0008,0.0008,0.0004,0.0040
5:30,0.0007,0.0043,0.0014,0.0009,0.0008,0.0004,0.0029
5:31,0.0015,0.0042,0.0014,0.0008,0.0008,0.0004,0.0039
5:32,0.0013,0.0023,0.0008,0.0017,0.0009,0.0008,0.0044
5:33,0.0016,0.0022,0.0006,0.0019,0.0015,0.0005,0.0042
5:34,0.0014,0.0016,0.0014,0.0020,0.0013,0.0010,0.0038
5:35,0.0012,0.0020,0.0014,0.0019,0.0013,0.0005,0.0031
5:36,0.0017,0.0016,0.0017,0.0020,0.0009,0.0007,0.0036
5:37,0.0013,0.0021,0.0008,0.0023,0.0009,0.0013,0.0036
5:38,0.0012,0.0018,0.0008,0.0020,0.0012,0.0018,0.0037
5:39,0.0004,0.0018,0.0014,0.0022,0.0012,0.0012,0.0028
5:40,0.0004,0.0023,0.0014,0.0004,0.0018,0.0010,0.0028
5:41,0.0008,0.0016,0.0009,0.0008,0.0018,0.0014,0.0041
5:42,0.0016,0.0012,0.0009,0.0008,0.0014,0.0017,0.0037
5:43,0.0016,0.0013,0.0012,0.0018,0.0022,0.0015,0.0040
5:44,0.0009,0.0016,0.0012,0.0018,0.0011,0.0019,0.0040
5:45,0.0019,0.0015,0.0006,0.0014,0.0004,0.0014,0.0029
5:46,0.0007,0.0014,0.0012,0.0005,0.0004,0.0009,0.0031
5:47,0.0009,0.0013,0.0008,0.0000,0.0005,0.0019,0.0026
5:48,0.0009,0.0008,0.0013,0.0004,0.0005,0.0020,0.0026
5:49,0.0005,0.0009,0.0005,0.0000,0.0005,0.0012,0.0026
5:50,0.0003,0.0009,0.0005,0.0000,0.0008,0.0012,0.0031
5:51,0.0003,0.0009,0.0005,0.0009,0.0011,0.0012,0.0030
5:52,0.0011,0.0009,0.0005,0.0008,0.0006,0.0020,0.0032
5:53,0.0003,0.0009,0.0006,0.0016,0.0005,0.0018,0.0038
5:54,0.0006,0.0009,0.0008,0.0008,0.0006,0.0018,0.0038
5:55,0.0004,0.0007,0.0014,0.0008,0.0016,0.0032,0.0026
5:56,0.0024,0.0007,0.0017,0.0006,0.0016,0.0031,0.0035
5:57,0.0020,0.0010,0.0016,0.0006,0.0004,0.0031,0.0032
5:58,0.0028,0.0011,0.0019,0.0017,0.0002,0.0025,0.0035
5:59,0.0016,0.0014,0.0018,0.0012,0.0006,0.0023,0.0033
6:00,0.0012,0.0014,0.0017,0.0019,0.0003,0.0023,0.0034
6:01,0.0022,0.0020,0.0014,0.0024,0.0004,0.0023,0.0032
6:02,0.0029,0.0022,0.0013,0.0016,0.0006,0.0025,0.0033
6:03,0.0058,0.0018,0.0012,0.0016,0.0020,0.0030,0.0036
6:04,0.0059,0.0018,0.0012,0.0025,0.0015,0.0030,0.0033
6:05,0.0030,0.0018,0.0012,0.0017,0.0012,0.0021,0.0033
6:06,0.0017,0.0020,0.0008,0.0020,0.0010,0.0027,0.0033
6:07,0.0014,0.0029,0.0008,0.0027,0.0007,0.0019,0.0037
6:08,0.0015,0.0027,0.0027,0.0018,0.0005,0.0019,0.0030
6:09,0.0014,0.0014,0.0016,0.0023,0.0002,0.0014,0.0036
6:10,0.0018,0.0014,0.0015,0.0020,0.0002,0.0027,0.0039
6:11,0.0012,0.0014,0.0011,0.0028,0.0006,0.0027,0.0031
6:12,0.0009,0.0019,0.0004,0.0033,0.0002,0.0033,0.0038
6:13,0.0014,0.0014,0.0008,0.0057,0.0010,0.0035,0.0046
6:14,0.0017,0.0011,0.0012,0.0026,0.0014,0.0022,0.0043
6:15,0.0023,0.0013,0.0012,0.0022,0.0021,0.0030,0.0039
6:16,0.0020,0.0011,0.0015,0.0016,0.0008,0.0023,0.0033
6:17,0.0017,0.0013,0.0010,0.0012,0.0002,0.0022,0.0041
6:18,0.0027,0.0013,0.0010,0.0012,0.0003,0.0018,0.0041
6:19,0.0023,0.0017,0.0019,0.0005,0.0007,0.0019,0.0043
6:20,0.0014,0.0018,0.0016,0.0011,0.0011,0.0028,0.0034
6:21,0.0046,0.0008,0.0021,0.0011,0.0008,0.0034,0.0034
6:22,0.0047,0.0014,0.0027,0.0013,0.0006,0.0030,0.0034
6:23,0.0054,0.0012,0.0030,0.0013,0.0013,0.0021,0.0036
6:24,0.0026,0.0008,0.0021,0.0006,0.0011,0.0020,0.0039
6:25,0.0021,0.0012,0.0019,0.0013,0.0017,0.0018,0.0033
6:26,0.0023,0.0017,0.0018,0.0006,0.0020,0.0014,0.0034
6:27,0.0026,0.0025,0.0018,0.0006,0.0008,0.0011,0.0026
6:28,0.0029,0.0012,0.0021,0.0009,0.0009,0.0013,0.0027
6:29,0.0025,0.0011,0.0021,0.0009,0.0009,0.0013,0.0036
6:30,0.0023,0.0003,0.0016,0.0015,0.0006,0.0015,0.0025
6:31,0.0018,0.0004,0.0026,0.0009,0.0003,0.0013,0.0034
6:32,0.0023,0.0013,0.0030,0.0011,0.0008,0.0018,0.0029
6:33,0.0015,0.0024,0.0024,0.0028,0.0009,0.0026,0.0031
6:34,0.0011,0.0012,0.0028,0.0016,0.0009,0.0012,0.0026
6:35,0.0012,0.0018,0.0042,0.0018,0.0006,0.0013,0.0026
6:36,0.0012,0.0006,0.0022,0.0030,0.0006,0.0015,0.0031
6:37,0.0016,0.0003,0.0027,0.0030,0.0005,0.0027,0.0033
6:38,0.0021,0.0005,0.0045,0.0016,0.0007,0.0025,0.0032
6:39,0.0020,0.0006,0.0037,0.0013,0.0008,0.0027,0.0028
6:40,0.0015,0.0010,0.0039,0.0016,0.0028,0.0021,0.0028
6:41,0.0018,0.0016,0.0024,0.0015,0.0016,0.0013,0.0033
6:42,0.0017,0.0006,0.0030,0.0017,0.0006,0.0021,0.0038
6:43,0.0005,0.0006,0.0035,0.0027,0.0005,0.0030,0.0033
6:44,0.0005,0.0009,0.0029,0.0022,0.0005,0.0033,0.0028
6:45,0.0013,0.0008,0.0018,0.0025,0.0008,0.0023,0.0032
6:46,0.0008,0.0008,0.0020,0.0024,0.0001,0.0023,0.0040
6:47,0.0012,0.0011,0.0018,0.0018,0.0018,0.0027,0.0045
6:48,0.0010,0.0011,0.0022,0.0020,0.0025,0.0024,0.0041
6:49,0.0011,0.0006,0.0019,0.0021,0.0017,0.0020,0.0050
6:50,0.0026,0.0017,0.0018,0.0021,0.0007,0.0018,0.0038
6:51,0.0038,0.0013,0.0023,0.0032,0.0002,0.0009,0.0031
6:52,0.0022,0.0009,0.0021,0.0014,0.0011,0.0014,0.0031
6:53,0.0026,0.0006,0.0021,0.0030,0.0008,0.0020,0.0041
6:54,0.0023,0.0009,0.0032,0.0009,0.0004,0.0030,0.0050
6:55,0.0031,0.0011,0.0029,0.0009,0.0006,0.0109,0.0036
6:56,0.0024,0.0009,0.0030,0.0013,0.0009,0.0200,0.0049
6:57,0.0017,0.0006,0.0035,0.0011,0.0009,0.0091,0.0047
6:58,0.0042,0.0003,0.0011,0.0014,0.0008,0.0055,0.0038
6:59,0.0040,0.0000,0.0013,0.0012,0.0004,0.0047,0.0021
7:00,0.0022,0.0000,0.0022,0.0014,0.0009,0.0027,0.0026
7:01,0.0032,0.0010,0.0015,0.0013,0.0012,0.0048,0.0042
7:02,0.0015,0.0003,0.0018,0.0005,0.0013,0.0022,0.0057
7:03,0.0019,0.0001,0.0019,0.0008,0.0023,0.0038,0.0030
7:04,0.0021,0.0004,0.0016,0.0016,0.0013,0.0026,0.0036
7:05,0.0018,0.0003,0.0019,0.0052,0.0003,0.0029,0.0032
7:06,0.0017,0.0015,0.0022,0.0036,0.0014,0.0044,0.0033
7:07,0.0023,0.0024,0.0018,0.0021,0.0011,0.0043,0.0040
7:08,0.0013,0.0022,0.0019,0.0008,0.0008,0.0028,0.0030
7:09,0.0016,0.0014,0.0019,0.0012,0.0020,0.0040,0.0028
7:10,0.0016,0.0011,0.0016,0.0009,0.0019,0.0036,0.0037
7:11,0.0020,0.0013,0.0032,0.0016,0.0019,0.0022,0.0035
7:12,0.0029,0.0014,0.0026,0.0009,0.0008,0.0028,0.0022
7:13,0.0034,0.0012,0.0022,0.0011,0.0023,0.0029,0.0021
7:14,0.0036,0.0010,0.0017,0.0009,0.0015,0.0028,0.0026
7:15,0.0037,0.0016,0.0020,0.0007,0.0019,0.0031,0.0043
7:16,0.0032,0.0014,0.0019,0.0007,0.0012,0.0033,0.0049
7:17,0.0031,0.0028,0.0019,0.0020,0.0015,0.0040,0.0042
7:18,0.0031,0.0018,0.0015,0.0022,0.0033,0.0029,0.0041
7:19,0.0029,0.0018,0.0003,0.0018,0.0015,0.0019,0.0039
7:20,0.0025,0.0016,0.0009,0.0033,0.0019,0.0030,0.0032
7:21,0.0028,0.0019,0.0013,0.0027,0.0012,0.0016,0.0039
7:22,0.0024,0.0008,0.0004,0.0018,0.0015,0.0013,0.0042
7:23,0.0018,0.0008,0.0005,0.0028,0.0017,0.0015,0.0042
7:24,0.0013,0.0014,0.0010,0.0026,0.0026,0.0021,0.0027
7:25,0.0028,0.0006,0.0020,0.0032,0.0025,0.0028,0.0043
7:26,0.0041,0.0010,0.0019,0.0018,0.0023,0.0019,0.0041
7:27,0.0028,0.0031,0.0015,0.0030,0.0013,0.0028,0.0041
7:28,0.0031,0.0028,0.0012,0.0016,0.0017,0.0017,0.0026
7:29,0.0032,0.0020,0.0010,0.0009,0.0023,0.0014,0.0030
7:30,0.0022,0.0029,0.0025,0.0012,0.0019,0.0014,0.0036
7:31,0.0035,0.0039,0.0025,0.0010,0.0031,0.0022,0.0025
7:32,0.0025,0.0040,0.0024,0.0012,0.0029,0.0017,0.0027
7:33,0.0023,0.0025,0.0024,0.0015,0.0034,0.0020,0.0025
7:34,0.0038,0.0046,0.0027,0.0011,0.0041,0.0021,0.0031
7:35,0.0033,0.0062,0.0020,0.0015,0.0026,0.0033,0.0032
7:36,0.0044,0.0046,0.0020,0.0015,0.0025,0.0020,0.0029
7:37,0.0049,0.0039,0.0032,0.0017,0.0035,0.0010,0.0051
7:38,0.0053,0.0032,0.0034,0.0030,0.0037,0.0019,0.0034
7:39,0.0064,0.0033,0.0016,0.0026,0.0043,0.0033,0.0038
7:40,0.0050,0.0030,0.0010,0.0009,0.0035,0.0032,0.0023
7:41,0.0033,0.0040,0.0011,0.0013,0.0025,0.0038,0.0014
7:42,0.0036,0.0041,0.0009,0.0014,0.0045,0.0018,0.0017
7:43,0.0043,0.0039,0.0013,0.0026,0.0037,0.0030,0.0016
7:44,0.0050,0.0034,0.0013,0.0028,0.0052,0.0041,0.0018
7:45,0.0067,0.0032,0.0017,0.0037,0.0040,0.0020,0.0029
7:46,0.0062,0.0036,0.0032,0.0032,0.0048,0.0029,0.0019
7:47,0.0079,0.0034,0.0025,0.0010,0.0073,0.0027,0.0027
7:48,0.0068,0.0032,0.0035,0.0011,0.0079,0.0025,0.0037
7:49,0.0039,0.0045,0.0032,0.0023,0.0045,0.0024,0.0030
7:50,0.0037,0.0034,0.0027,0.0015,0.0047,0.0022,0.0045
7:51,0.0041,0.0040,0.0021,0.0020,0.0050,0.0023,0.0041
7:52,0.0040,0.0042,0.0028,0.0006,0.0047,0.0012,0.0033
7:53,0.0045,0.0039,0.0034,0.0004,0.0042,0.0020,0.0044
7:54,0.0051,0.0043,0.0033,0.0006,0.0047,0.0022,0.0047
7:55,0.0053,0.0043,0.0033,0.0008,0.0056,0.0051,0.0063
7:56,0.0052,0.0048,0.0050,0.0020,0.0056,0.0069,0.0060
7:57,0.0051,0.0064,0.0024,0.0012,0.0045,0.0100,0.0052
7:58,0.0036,0.0045,0.0021,0.0027,0.0042,0.0027,0.0054
7:59,0.0038,0.0048,0.0022,0.0035,0.0043,0.0015,0.0025
8:00,0.0056,0.0051,0.0018,0.0015,0.0043,0.0006,0.0016
8:01,0.0053,0.0040,0.0016,0.0029,0.0038,0.0012,0.0027
8:02,0.0036,0.0036,0.0022,0.0027,0.0028,0.0032,0.0023
8:03,0.0051,0.0035,0.0024,0.0018,0.0038,0.0057,0.0025
8:04,0.0049,0.0031,0.0025,0.0009,0.0029,0.0048,0.0031
8:05,0.0040,0.0040,0.0031,0.0013,0.0040,0.0056,0.0028
8:06,0.0033,0.0042,0.0028,0.0024,0.0038,0.0041,0.0042
8:07,0.0033,0.0034,0.0023,0.0021,0.0050,0.0034,0.0043
8:08,0.0027,0.0038,0.0019,0.0031,0.0048,0.0039,0.0053
8:09,0.0029,0.0029,0.0032,0.0054,0.0030,0.0038,0.0055
8:10,0.0051,0.0029,0.0039,0.0032,0.0032,0.0032,0.0061
8:11,0.0044,0.0028,0.0038,0.0014,0.0045,0.0037,0.0060
8:12,0.0048,0.0024,0.0046,0.0013,0.0034,0.0031,0.0054
8:13,0.0052,0.0027,0.0049,0.0018,0.0048,0.0031,0.0043
8:14,0.0041,0.0030,0.0049,0.0018,0.0043,0.0034,0.0038
8:15,0.0050,0.0029,0.0035,0.0015,0.0042,0.0050,0.0042
8:16,0.0056,0.0018,0.0037,0.0030,0.0039,0.0053,0.0028
8:17,0.0055,0.0022,0.0032,0.0031,0.0049,0.0050,0.0025
8:18,0.0053,0.0025,0.0034,0.0024,0.0056,0.0029,0.0035
8:19,0.0051,0.0037,0.0032,0.0024,0.0026,0.0023,0.0038
8:20,0.0061,0.0031,0.0028,0.0019,0.0034,0.0016,0.0038
8:21,0.0068,0.0033,0.0035,0.0019,0.0032,0.0023,0.0061
8:22,0.0071,0.0036,0.0034,0.0020,0.0029,0.0029,0.0057
8:23,0.0051,0.0027,0.0035,0.0030,0.0042,0.0033,0.0059
8:24,0.0048,0.0028,0.0034,0.0032,0.0050,0.0041,0.0051
8:25,0.0099,0.0036,0.0033,0.0045,0.0031,0.0036,0.0041
8:26,0.0124,0.0035,0.0039,0.0044,0.0026,0.0032,0.0043
8:27,0.0062,0.0058,0.0060,0.0039,0.0023,0.0035,0.0046
8:28,0.0049,0.0049,0.0054,0.0040,0.0031,0.0050,0.0053
8:29,0.0057,0.0035,0.0054,0.0029,0.0043,0.0049,0.0060
8:30,0.0069,0.0044,0.0049,0.0038,0.0026,0.0049,0.0089
8:31,0.0062,0.0043,0.0055,0.0028,0.0032,0.0040,0.0053
8:32,0.0064,0.0048,0.0069,0.0027,0.0042,0.0038,0.0052
8:33,0.0057,0.0041,0.0088,0.0018,0.0043,0.0030,0.0052
8:34,0.0035,0.0043,0.0078,0.0025,0.0040,0.0032,0.0048
8:35,0.0038,0.0035,0.0071,0.0029,0.0025,0.0033,0.0056
8:36,0.0038,0.0028,0.0056,0.0033,0.0029,0.0029,0.0063
8:37,0.0036,0.0026,0.0068,0.0023,0.0018,0.0028,0.0071
8:38,0.0035,0.0032,0.0058,0.0028,0.0018,0.0027,0.0062
8:39,0.0058,0.0033,0.0043,0.0026,0.0021,0.0036,0.0043
8:40,0.0064,0.0034,0.0055,0.0020,0.0026,0.0033,0.0041
8:41,0.0050,0.0037,0.0042,0.0019,0.0026,0.0031,0.0037
8:42,0.0048,0.0037,0.0054,0.0019,0.0034,0.0033,0.0036
8:43,0.0033,0.0029,0.0049,0.0028,0.0031,0.0021,0.0047
8:44,0.0035,0.0023,0.0064,0.0024,0.0019,0.0025,0.0056
8:45,0.0031,0.0022,0.0058,0.0027,0.0033,0.0035,0.0079
8:46,0.0056,0.0028,0.0059,0.0030,0.0035,0.0023,0.0049
8:47,0.0037,0.0022,0.0059,0.0035,0.0027,0.0045,0.0041
8:48,0.0046,0.0023,0.0045,0.0034,0.0037,0.0030,0.0037
8:49,0.0070,0.0032,0.0043,0.0036,0.0035,0.0037,0.0043
8:50,0.0062,0.0033,0.0036,0.0032,0.0035,0.0029,0.0059
8:51,0.0029,0.0022,0.0034,0.0027,0.0041,0.0033,0.0041
8:52,0.0021,0.0034,0.0034,0.0038,0.0043,0.0029,0.0049
8:53,0.0030,0.0045,0.0032,0.0054,0.0035,0.0033,0.0037
8:54,0.0028,0.0037,0.0041,0.0061,0.0031,0.0041,0.0051
8:55,0.0027,0.0034,0.0049,0.0019,0.0032,0.0030,0.0052
8:56,0.0030,0.0031,0.0038,0.0022,0.0047,0.0052,0.0051
8:57,0.0033,0.0036,0.0040,0.0021,0.0049,0.0036,0.0049
8:58,0.0041,0.0034,0.0061,0.0025,0.0052,0.0035,0.0047
8:59,0.0027,0.0026,0.0035,0.0020,0.0053,0.0052,0.0034
9:00,0.0013,0.0028,0.0020,0.0025,0.0042,0.0051,0.0019
9:01,0.0022,0.0024,0.0020,0.0029,0.0039,0.0049,0.0023
9:02,0.0022,0.0032,0.0014,0.0022,0.0038,0.0049,0.0018
9:03,0.0029,0.0038,0.0013,0.0028,0.0025,0.0045,0.0024
9:04,0.0026,0.0043,0.0027,0.0033,0.0026,0.0048,0.0021
9:05,0.0028,0.0045,0.0024,0.0029,0.0040,0.0052,0.0042
9:06,0.0025,0.0078,0.0042,0.0043,0.0038,0.0051,0.0047
9:07,0.0033,0.0076,0.0030,0.0043,0.0030,0.0052,0.0034
9:08,0.0029,0.0047,0.0022,0.0054,0.0030,0.0077,0.0028
9:09,0.0039,0.0044,0.0028,0.0055,0.0037,0.0057,0.0028
9:10,0.0038,0.0036,0.0025,0.0047,0.0045,0.0058,0.0023
9:11,0.0043,0.0036,0.0043,0.0046,0.0046,0.0064,0.0022
9:12,0.0052,0.0043,0.0059,0.0027,0.0039,0.0066,0.0019
9:13,0.0047,0.0048,0.0047,0.0036,0.0044,0.0061,0.0030
9:14,0.0045,0.0026,0.0035,0.0042,0.0027,0.0060,0.0044
9:15,0.0038,0.0018,0.0037,0.0049,0.0039,0.0077,0.0052
9:16,0.0043,0.0021,0.0029,0.0057,0.0032,0.0087,0.0037
9:17,0.0055,0.0015,0.0031,0.0052,0.0030,0.0085,0.0040
9:18,0.0050,0.0013,0.0032,0.0046,0.0026,0.0072,0.0047
9:19,0.0045,0.0027,0.0037,0.0034,0.0020,0.0072,0.0044
9:20,0.0045,0.0031,0.0023,0.0047,0.0019,0.0062,0.0058
9:21,0.0050,0.0033,0.0028,0.0046,0.0022,0.0054,0.0045
9:22,0.0048,0.0041,0.0021,0.0045,0.0046,0.0061,0.0032
9:23,0.0053,0.0039,0.0022,0.0035,0.0058,0.0069,0.0019
9:24,0.0046,0.0042,0.0037,0.0039,0.0040,0.0069,0.0027
9:25,0.0030,0.0038,0.0037,0.0048,0.0039,0.0101,0.0036
9:26,0.0021,0.0038,0.0028,0.0043,0.0047,0.0056,0.0041
9:27,0.0023,0.0034,0.0038,0.0042,0.0056,0.0059,0.0036
9:28,0.0037,0.0034,0.0033,0.0041,0.0037,0.0059,0.0026
9:29,0.0034,0.0039,0.0046,0.0035,0.0045,0.0055,0.0043
9:30,0.0033,0.0043,0.0046,0.0027,0.0037,0.0102,0.0051
9:31,0.0033,0.0033,0.0039,0.0031,0.0031,0.0125,0.0040
9:32,0.0039,0.0042,0.0040,0.0051,0.0033,0.0106,0.0042
9:33,0.0033,0.0058,0.0032,0.0042,0.0021,0.0058,0.0044
9:34,0.0039,0.0040,0.0025,0.0046,0.0020,0.0054,0.0051
9:35,0.0041,0.0034,0.0026,0.0068,0.0029,0.0065,0.0064
9:36,0.0049,0.0034,0.0047,0.0054,0.0018,0.0056,0.0055
9:37,0.0051,0.0041,0.0049,0.0045,0.0028,0.0047,0.0046
9:38,0.0042,0.0030,0.0043,0.0054,0.0023,0.0059,0.0052
9:39,0.0035,0.0029,0.0029,0.0059,0.0039,0.0053,0.0051
9:40,0.0035,0.0038,0.0027,0.0068,0.0036,0.0043,0.0041
9:41,0.0028,0.0022,0.0024,0.0064,0.0021,0.0057,0.0033
9:42,0.0031,0.0025,0.0023,0.0059,0.0045,0.0042,0.0033
9:43,0.0030,0.0032,0.0039,0.0048,0.0042,0.0042,0.0033
9:44,0.0037,0.0045,0.0038,0.0074,0.0033,0.0040,0.0023
9:45,0.0038,0.0050,0.0018,0.0056,0.0037,0.0039,0.0033
9:46,0.0058,0.0044,0.0024,0.0058,0.0047,0.0046,0.0044
9:47,0.0046,0.0035,0.0029,0.0063,0.0032,0.0058,0.0049
9:48,0.0041,0.0036,0.0033,0.0045,0.0035,0.0042,0.0061
9:49,0.0039,0.0048,0.0033,0.0040,0.0031,0.0058,0.0058
9:50,0.0033,0.0044,0.0011,0.0030,0.0044,0.0063,0.0064
9:51,0.0025,0.0045,0.0011,0.0041,0.0039,0.0054,0.0067
9:52,0.0022,0.0042,0.0010,0.0050,0.0037,0.0055,0.0053
9:53,0.0021,0.0061,0.0028,0.0045,0.0041,0.0073,0.0050
9:54,0.0033,0.0058,0.0024,0.0047,0.0034,0.0073,0.0068
9:55,0.0028,0.0058,0.0027,0.0057,0.0030,0.0057,0.0066
9:56,0.0045,0.0058,0.0013,0.0057,0.0050,0.0053,0.0049
9:57,0.0053,0.0070,0.0036,0.0062,0.0041,0.0057,0.0053
9:58,0.0028,0.0063,0.0073,0.0060,0.0045,0.0054,0.0060
9:59,0.0019,0.0067,0.0014,0.0056,0.0030,0.0054,0.0059
10:00,0.0026,0.0078,0.0009,0.0043,0.0025,0.0056,0.0062
10:01,0.0038,0.0084,0.0011,0.0036,0.0032,0.0079,0.0075
10:02,0.0033,0.0065,0.0018,0.0047,0.0034,0.0067,0.0070
10:03,0.0036,0.0068,0.0019,0.0058,0.0026,0.0043,0.0070
10:04,0.0044,0.0060,0.0036,0.0059,0.0027,0.0050,0.0069
10:05,0.0053,0.0054,0.0046,0.0077,0.0031,0.0048,0.0067
10:06,0.0056,0.0052,0.0053,0.0056,0.0036,0.0041,0.0077
10:07,0.0047,0.0054,0.0066,0.0049,0.0026,0.0045,0.0075
10:08,0.0046,0.0052,0.0056,0.0057,0.0018,0.0051,0.0075
10:09,0.0044,0.0051,0.0066,0.0049,0.0018,0.0063,0.0079
10:10,0.0053,0.0058,0.0049,0.0049,0.0018,0.0056,0.0067
10:11,0.0040,0.0067,0.0035,0.0049,0.0021,0.0050,0.0078
10:12,0.0045,0.0064,0.0042,0.0043,0.0027,0.0045,0.0082
10:13,0.0049,0.0064,0.0032,0.0051,0.0025,0.0040,0.0083
10:14,0.0067,0.0069,0.0033,0.0052,0.0033,0.0039,0.0104
10:15,0.0072,0.0051,0.0034,0.0055,0.0033,0.0037,0.0107
10:16,0.0058,0.0047,0.0032,0.0057,0.0027,0.0040,0.0105
10:17,0.0048,0.0040,0.0041,0.0062,0.0039,0.0052,0.0097
10:18,0.0057,0.0047,0.0028,0.0072,0.0026,0.0048,0.0085
10:19,0.0060,0.0047,0.0028,0.0059,0.0039,0.0054,0.0079
10:20,0.0042,0.0055,0.0027,0.0053,0.0043,0.0065,0.0080
10:21,0.0044,0.0041,0.0035,0.0061,0.0042,0.0063,0.0085
10:22,0.0037,0.0044,0.0035,0.0066,0.0049,0.0068,0.0085
10:23,0.0053,0.0046,0.0043,0.0074,0.0039,0.0072,0.0075
10:24,0.0052,0.0050,0.0066,0.0071,0.0042,0.0070,0.0064
10:25,0.0053,0.0046,0.0066,0.0074,0.0046,0.0065,0.0069
10:26,0.0041,0.0053,0.0061,0.0068,0.0055,0.0068,0.0064
10:27,0.0038,0.0048,0.0047,0.0056,0.0064,0.0087,0.0086
10:28,0.0049,0.0051,0.0045,0.0054,0.0048,0.0064,0.0092
10:29,0.0047,0.0043,0.0046,0.0070,0.0054,0.0068,0.0079
10:30,0.0048,0.0050,0.0052,0.0057,0.0041,0.0052,0.0070
10:31,0.0038,0.0030,0.0039,0.0056,0.0032,0.0059,0.0058
10:32,0.0039,0.0032,0.0035,0.0055,0.0043,0.0061,0.0051
10:33,0.0038,0.0025,0.0040,0.0054,0.0053,0.0058,0.0055
10:34,0.0043,0.0024,0.0055,0.0048,0.0037,0.0058,0.0064
10:35,0.0042,0.0024,0.0053,0.0050,0.0048,0.0048,0.0054
10:36,0.0039,0.0026,0.0076,0.0040,0.0040,0.0066,0.0068
10:37,0.0048,0.0026,0.0088,0.0039,0.0049,0.0069,0.0064
10:38,0.0045,0.0024,0.0085,0.0044,0.0041,0.0066,0.0049
10:39,0.0050,0.0027,0.0080,0.0049,0.0045,0.0059,0.0075
10:40,0.0045,0.0021,0.0072,0.0056,0.0056,0.0074,0.0080
10:41,0.0055,0.0028,0.0065,0.0052,0.0064,0.0054,0.0073
10:42,0.0043,0.0025,0.0058,0.0047,0.0068,0.0060,0.0048
10:43,0.0045,0.0036,0.0060,0.0070,0.0069,0.0072,0.0039
10:44,0.0060,0.0035,0.0080,0.0066,0.0055,0.0061,0.0044
10:45,0.0071,0.0031,0.0072,0.0081,0.0049,0.0055,0.0073
10:46,0.0074,0.0028,0.0075,0.0098,0.0037,0.0060,0.0056
10:47,0.0077,0.0034,0.0096,0.0091,0.0035,0.0058,0.0064
10:48,0.0069,0.0031,0.0093,0.0094,0.0059,0.0049,0.0048
10:49,0.0069,0.0027,0.0089,0.0103,0.0053,0.0056,0.0056
10:50,0.0074,0.0026,0.0087,0.0093,0.0059,0.0052,0.0062
10:51,0.0085,0.0036,0.0088,0.0069,0.0057,0.0068,0.0067
10:52,0.0063,0.0025,0.0086,0.0073,0.0058,0.0063,0.0058
10:53,0.0063,0.0024,0.0074,0.0079,0.0060,0.0059,0.0055
10:54,0.0073,0.0032,0.0062,0.0070,0.0067,0.0056,0.0054
10:55,0.0050,0.0033,0.0060,0.0075,0.0118,0.0050,0.0072
10:56,0.0061,0.0023,0.0057,0.0084,0.0082,0.0048,0.0075
10:57,0.0053,0.0021,0.0072,0.0085,0.0069,0.0056,0.0063
10:58,0.0069,0.0030,0.0072,0.0057,0.0042,0.0057,0.0074
10:59,0.0076,0.0036,0.0068,0.0055,0.0038,0.0056,0.0058
11:00,0.0074,0.0028,0.0062,0.0063,0.0048,0.0050,0.0042
11:01,0.0085,0.0027,0.0067,0.0063,0.0046,0.0040,0.0053
11:02,0.0095,0.0036,0.0059,0.0050,0.0052,0.0042,0.0065
11:03,0.0076,0.0034,0.0067,0.0029,0.0056,0.0044,0.0057
11:04,0.0083,0.0030,0.0090,0.0034,0.0063,0.0051,0.0051
11:05,0.0077,0.0043,0.0053,0.0042,0.0062,0.0049,0.0056
11:06,0.0071,0.0047,0.0068,0.0037,0.0043,0.0058,0.0067
11:07,0.0073,0.0043,0.0081,0.0038,0.0051,0.0057,0.0038
11:08,0.0071,0.0045,0.0076,0.0041,0.0050,0.0058,0.0043
11:09,0.0073,0.0041,0.0050,0.0043,0.0056,0.0053,0.0062
11:10,0.0069,0.0065,0.0047,0.0088,0.0044,0.0053,0.0070
11:11,0.0069,0.0068,0.0034,0.0034,0.0040,0.0048,0.0063
11:12,0.0077,0.0064,0.0034,0.0032,0.0056,0.0043,0.0061
11:13,0.0078,0.0044,0.0045,0.0038,0.0053,0.0048,0.0055
11:14,0.0088,0.0041,0.0087,0.0048,0.0054,0.0047,0.0060
11:15,0.0080,0.0043,0.0070,0.0048,0.0048,0.0048,0.0066
11:16,0.0085,0.0044,0.0055,0.0063,0.0068,0.0059,0.0053
11:17,0.0091,0.0026,0.0055,0.0043,0.0063,0.0052,0.0041
11:18,0.0073,0.0083,0.0069,0.0048,0.0088,0.0049,0.0038
11:19,0.0085,0.0068,0.0090,0.0045,0.0160,0.0056,0.0038
11:20,0.0094,0.0061,0.0081,0.0042,0.0217,0.0041,0.0039
11:21,0.0107,0.0058,0.0059,0.0072,0.0072,0.0044,0.0051
11:22,0.0087,0.0053,0.0059,0.0064,0.0065,0.0046,0.0033
11:23,0.0093,0.0059,0.0063,0.0081,0.0059,0.0052,0.0022
11:24,0.0071,0.0053,0.0071,0.0072,0.0068,0.0045,0.0025
11:25,0.0074,0.0054,0.0058,0.0061,0.0072,0.0050,0.0027
11:26,0.0078,0.0057,0.0067,0.0068,0.0070,0.0045,0.0032
11:27,0.0075,0.0082,0.0087,0.0058,0.0095,0.0053,0.0020
11:28,0.0077,0.0094,0.0056,0.0054,0.0092,0.0053,0.0020
11:29,0.0079,0.0085,0.0049,0.0059,0.0086,0.0049,0.0034
11:30,0.0082,0.0070,0.0073,0.0058,0.0084,0.0050,0.0033
11:31,0.0093,0.0068,0.0122,0.0043,0.0078,0.0049,0.0038
11:32,0.0069,0.0069,0.0073,0.0044,0.0084,0.0047,0.0058
11:33,0.0075,0.0068,0.0085,0.0051,0.0077,0.0056,0.0063
11:34,0.0062,0.0066,0.0089,0.0045,0.0062,0.0056,0.0037
11:35,0.0046,0.0058,0.0054,0.0037,0.0069,0.0061,0.0050
11:36,0.0051,0.0052,0.0039,0.0051,0.0064,0.0060,0.0043
11:37,0.0060,0.0057,0.0036,0.0038,0.0051,0.0060,0.0034
11:38,0.0047,0.0066,0.0033,0.0036,0.0053,0.0066,0.0023
11:39,0.0038,0.0062,0.0042,0.0034,0.0069,0.0075,0.0034
11:40,0.0053,0.0064,0.0037,0.0056,0.0060,0.0064,0.0040
11:41,0.0048,0.0060,0.0032,0.0044,0.0058,0.0056,0.0042
11:42,0.0053,0.0058,0.0027,0.0044,0.0068,0.0063,0.0034
11:43,0.0041,0.0064,0.0031,0.0058,0.0073,0.0062,0.0023
11:44,0.0045,0.0071,0.0030,0.0063,0.0072,0.0072,0.0039
11:45,0.0048,0.0087,0.0043,0.0055,0.0073,0.0059,0.0043
11:46,0.0052,0.0067,0.0047,0.0052,0.0065,0.0050,0.0044
11:47,0.0042,0.0076,0.0049,0.0052,0.0065,0.0056,0.0047
11:48,0.0048,0.0088,0.0036,0.0048,0.0067,0.0074,0.0059
11:49,0.0046,0.0078,0.0037,0.0051,0.0071,0.0064,0.0044
11:50,0.0056,0.0063,0.0035,0.0052,0.0067,0.0051,0.0047
11:51,0.0075,0.0080,0.0030,0.0043,0.0090,0.0050,0.0038
11:52,0.0063,0.0064,0.0033,0.0038,0.0084,0.0050,0.0028
11:53,0.0057,0.0065,0.0040,0.0042,0.0088,0.0044,0.0036
11:54,0.0052,0.0081,0.0039,0.0043,0.0072,0.0053,0.0044
11:55,0.0039,0.0067,0.0053,0.0055,0.0072,0.0057,0.0060
11:56,0.0049,0.0066,0.0033,0.0048,0.0078,0.0044,0.0052
11:57,0.0041,0.0073,0.0039,0.0040,0.0065,0.0043,0.0040
11:58,0.0042,0.0055,0.0065,0.0041,0.0082,0.0042,0.0048
11:59,0.0032,0.0058,0.0064,0.0042,0.0087,0.0041,0.0052
12:00,0.0032,0.0049,0.0067,0.0035,0.0078,0.0046,0.0040
12:01,0.0033,0.0049,0.0068,0.0036,0.0076,0.0044,0.0044
12:02,0.0031,0.0046,0.0053,0.0029,0.0066,0.0036,0.0037
12:03,0.0037,0.0043,0.0046,0.0039,0.0077,0.0039,0.0057
12:04,0.0045,0.0040,0.0044,0.0035,0.0053,0.0043,0.0053
12:05,0.0067,0.0042,0.0039,0.0026,0.0066,0.0032,0.0046
12:06,0.0057,0.0045,0.0050,0.0050,0.0069,0.0036,0.0058
12:07,0.0050,0.0053,0.0050,0.0048,0.0068,0.0032,0.0042
12:08,0.0053,0.0040,0.0048,0.0049,0.0080,0.0024,0.0038
12:09,0.0066,0.0043,0.0048,0.0043,0.0061,0.0030,0.0037
12:10,0.0066,0.0040,0.0046,0.0029,0.0058,0.0027,0.0033
12:11,0.0058,0.0042,0.0069,0.0029,0.0058,0.0019,0.0046
12:12,0.0060,0.0042,0.0069,0.0029,0.0050,0.0030,0.0051
12:13,0.0049,0.0040,0.0059,0.0030,0.0048,0.0054,0.0047
12:14,0.0043,0.0038,0.0055,0.0034,0.0053,0.0048,0.0058
12:15,0.0054,0.0040,0.0059,0.0029,0.0043,0.0049,0.0043
12:16,0.0039,0.0037,0.0064,0.0041,0.0108,0.0045,0.0033
12:17,0.0041,0.0056,0.0055,0.0034,0.0087,0.0053,0.0034
12:18,0.0030,0.0038,0.0071,0.0034,0.0064,0.0048,0.0047
12:19,0.0038,0.0056,0.0076,0.0027,0.0053,0.0053,0.0030
12:20,0.0027,0.0063,0.0075,0.0033,0.0102,0.0061,0.0045
12:21,0.0036,0.0042,0.0053,0.0039,0.0102,0.0053,0.0045
12:22,0.0030,0.0045,0.0053,0.0037,0.0103,0.0044,0.0047
12:23,0.0028,0.0058,0.0050,0.0052,0.0066,0.0043,0.0035
12:24,0.0028,0.0039,0.0054,0.0050,0.0056,0.0034,0.0040
12:25,0.0022,0.0035,0.0057,0.0052,0.0068,0.0035,0.0041
12:26,0.0030,0.0040,0.0055,0.0062,0.0068,0.0046,0.0039
12:27,0.0026,0.0048,0.0052,0.0036,0.0059,0.0051,0.0036
12:28,0.0043,0.0037,0.0053,0.0043,0.0064,0.0043,0.0033
12:29,0.0034,0.0031,0.0047,0.0036,0.0063,0.0035,0.0017
12:30,0.0028,0.0027,0.0033,0.0017,0.0068,0.0034,0.0024
12:31,0.0023,0.0027,0.0030,0.0025,0.0058,0.0035,0.0027
12:32,0.0030,0.0035,0.0026,0.0017,0.0053,0.0043,0.0036
12:33,0.0038,0.0036,0.0038,0.0024,0.0061,0.0036,0.0048
12:34,0.0023,0.0041,0.0037,0.0016,0.0073,0.0034,0.0042
12:35,0.0033,0.0040,0.0042,0.0025,0.0058,0.0036,0.0033
12:36,0.0033,0.0048,0.0048,0.0028,0.0058,0.0043,0.0027
12:37,0.0036,0.0042,0.0030,0.0026,0.0056,0.0047,0.0023
12:38,0.0044,0.0028,0.0032,0.0038,0.0053,0.0049,0.0030
12:39,0.0038,0.0036,0.0028,0.0022,0.0069,0.0047,0.0029
12:40,0.0042,0.0043,0.0028,0.0029,0.0062,0.0052,0.0031
12:41,0.0054,0.0035,0.0045,0.0033,0.0056,0.0052,0.0038
12:42,0.0035,0.0033,0.0036,0.0024,0.0065,0.0049,0.0024
12:43,0.0016,0.0038,0.0033,0.0027,0.0063,0.0047,0.0030
12:44,0.0027,0.0036,0.0032,0.0033,0.0069,0.0051,0.0022
12:45,0.0033,0.0033,0.0039,0.0040,0.0077,0.0054,0.0019
12:46,0.0028,0.0038,0.0049,0.0037,0.0052,0.0059,0.0029
12:47,0.0037,0.0038,0.0047,0.0044,0.0052,0.0058,0.0037
12:48,0.0032,0.0042,0.0045,0.0043,0.0048,0.0066,0.0035
12:49,0.0022,0.0037,0.0036,0.0050,0.0051,0.0065,0.0031
12:50,0.0023,0.0043,0.0049,0.0044,0.0052,0.0069,0.0040
12:51,0.0020,0.0043,0.0052,0.0052,0.0047,0.0058,0.0035
12:52,0.0033,0.0047,0.0044,0.0052,0.0045,0.0057,0.0037
12:53,0.0043,0.0043,0.0038,0.0059,0.0052,0.0062,0.0033
12:54,0.0020,0.0045,0.0045,0.0055,0.0051,0.0079,0.0042
12:55,0.0018,0.0037,0.0038,0.0056,0.0055,0.0063,0.0037
12:56,0.0034,0.0051,0.0054,0.0065,0.0053,0.0052,0.0043
12:57,0.0038,0.0050,0.0067,0.0052,0.0055,0.0069,0.0047
12:58,0.0066,0.0042,0.0045,0.0044,0.0065,0.0069,0.0040
12:59,0.0040,0.0059,0.0052,0.0048,0.0063,0.0061,0.0038
13:00,0.0024,0.0062,0.0066,0.0048,0.0054,0.0050,0.0035
13:01,0.0018,0.0049,0.0060,0.0042,0.0047,0.0058,0.0052
13:02,0.0022,0.0034,0.0060,0.0050,0.0047,0.0041,0.0046
13:03,0.0033,0.0037,0.0054,0.0045,0.0041,0.0048,0.0042
13:04,0.0031,0.0039,0.0057,0.0042,0.0045,0.0054,0.0047
13:05,0.0046,0.0036,0.0044,0.0043,0.0038,0.0060,0.0045
13:06,0.0067,0.0039,0.0073,0.0048,0.0044,0.0056,0.0029
13:07,0.0033,0.0059,0.0075,0.0039,0.0040,0.0055,0.0046
13:08,0.0039,0.0056,0.0052,0.0046,0.0048,0.0062,0.0054
13:09,0.0050,0.0050,0.0049,0.0062,0.0059,0.0036,0.0035
13:10,0.0037,0.0048,0.0044,0.0052,0.0046,0.0044,0.0020
13:11,0.0029,0.0044,0.0044,0.0054,0.0052,0.0053,0.0012
13:12,0.0026,0.0050,0.0041,0.0056,0.0050,0.0039,0.0014
13:13,0.0026,0.0053,0.0056,0.0052,0.0043,0.0046,0.0023
13:14,0.0038,0.0052,0.0052,0.0055,0.0056,0.0052,0.0026
13:15,0.0048,0.0066,0.0059,0.0058,0.0058,0.0052,0.0024
13:16,0.0048,0.0061,0.0067,0.0060,0.0053,0.0035,0.0020
13:17,0.0060,0.0056,0.0065,0.0058,0.0056,0.0037,0.0014
13:18,0.0057,0.0058,0.0055,0.0062,0.0048,0.0039,0.0030
13:19,0.0050,0.0055,0.0065,0.0066,0.0056,0.0051,0.0021
13:20,0.0040,0.0071,0.0061,0.0071,0.0060,0.0050,0.0025
13:21,0.0051,0.0066,0.0069,0.0062,0.0047,0.0044,0.0036
13:22,0.0040,0.0081,0.0072,0.0059,0.0060,0.0040,0.0044
13:23,0.0057,0.0084,0.0048,0.0063,0.0047,0.0047,0.0042
13:24,0.0056,0.0073,0.0048,0.0059,0.0054,0.0062,0.0048
13:25,0.0042,0.0069,0.0055,0.0062,0.0055,0.0054,0.0058
13:26,0.0048,0.0074,0.0055,0.0063,0.0081,0.0053,0.0055
13:27,0.0049,0.0072,0.0055,0.0058,0.0063,0.0063,0.0066
13:28,0.0060,0.0063,0.0046,0.0056,0.0088,0.0055,0.0066
13:29,0.0059,0.0069,0.0058,0.0059,0.0066,0.0054,0.0088
13:30,0.0067,0.0072,0.0047,0.0040,0.0075,0.0060,0.0063
13:31,0.0083,0.0077,0.0050,0.0027,0.0071,0.0061,0.0059
13:32,0.0084,0.0070,0.0041,0.0023,0.0074,0.0043,0.0072
13:33,0.0083,0.0079,0.0083,0.0033,0.0063,0.0048,0.0074
13:34,0.0087,0.0076,0.0064,0.0051,0.0063,0.0055,0.0066
13:35,0.0077,0.0066,0.0050,0.0041,0.0067,0.0062,0.0056
13:36,0.0078,0.0056,0.0045,0.0061,0.0085,0.0071,0.0065
13:37,0.0060,0.0047,0.0040,0.0063,0.0076,0.0091,0.0073
13:38,0.0058,0.0043,0.0040,0.0081,0.0065,0.0082,0.0093
13:39,0.0052,0.0047,0.0024,0.0058,0.0066,0.0056,0.0085
13:40,0.0045,0.0046,0.0015,0.0046,0.0077,0.0056,0.0109
13:41,0.0031,0.0048,0.0023,0.0043,0.0098,0.0053,0.0086
13:42,0.0039,0.0056,0.0017,0.0046,0.0098,0.0056,0.0086
13:43,0.0036,0.0064,0.0021,0.0055,0.0086,0.0054,0.0065
13:44,0.0037,0.0059,0.0024,0.0052,0.0078,0.0055,0.0076
13:45,0.0044,0.0055,0.0038,0.0055,0.0071,0.0049,0.0065
13:46,0.0047,0.0058,0.0040,0.0068,0.0065,0.0095,0.0056
13:47,0.0051,0.0058,0.0025,0.0066,0.0079,0.0056,0.0064
13:48,0.0051,0.0059,0.0023,0.0064,0.0078,0.0053,0.0084
13:49,0.0056,0.0056,0.0027,0.0061,0.0078,0.0060,0.0081
13:50,0.0042,0.0056,0.0025,0.0060,0.0088,0.0046,0.0081
13:51,0.0041,0.0053,0.0026,0.0059,0.0072,0.0044,0.0075
13:52,0.0050,0.0052,0.0023,0.0066,0.0056,0.0044,0.0077
13:53,0.0042,0.0052,0.0033,0.0065,0.0066,0.0036,0.0066
13:54,0.0046,0.0067,0.0033,0.0063,0.0077,0.0057,0.0069
13:55,0.0052,0.0088,0.0046,0.0062,0.0079,0.0054,0.0077
13:56,0.0047,0.0076,0.0033,0.0055,0.0073,0.0061,0.0087
13:57,0.0041,0.0081,0.0021,0.0052,0.0069,0.0059,0.0068
13:58,0.0047,0.0075,0.0049,0.0079,0.0083,0.0073,0.0057
13:59,0.0039,0.0070,0.0046,0.0086,0.0078,0.0061,0.0062
14:00,0.0035,0.0067,0.0027,0.0051,0.0067,0.0055,0.0068
14:01,0.0029,0.0067,0.0043,0.0043,0.0074,0.0055,0.0082
14:02,0.0036,0.0074,0.0045,0.0042,0.0084,0.0044,0.0078
14:03,0.0044,0.0066,0.0023,0.0044,0.0069,0.0045,0.0070
14:04,0.0053,0.0079,0.0036,0.0042,0.0071,0.0045,0.0076
14:05,0.0058,0.0081,0.0025,0.0056,0.0073,0.0047,0.0072
14:06,0.0067,0.0091,0.0032,0.0044,0.0069,0.0033,0.0093
14:07,0.0068,0.0080,0.0041,0.0040,0.0081,0.0034,0.0098
14:08,0.0066,0.0088,0.0049,0.0045,0.0085,0.0038,0.0090
14:09,0.0066,0.0089,0.0035,0.0042,0.0084,0.0039,0.0088
14:10,0.0078,0.0093,0.0025,0.0047,0.0068,0.0053,0.0091
14:11,0.0066,0.0079,0.0019,0.0044,0.0061,0.0072,0.0091
14:12,0.0075,0.0086,0.0019,0.0045,0.0077,0.0079,0.0089
14:13,0.0080,0.0081,0.0021,0.0053,0.0072,0.0069,0.0078
14:14,0.0102,0.0085,0.0027,0.0055,0.0056,0.0056,0.0096
14:15,0.0088,0.0087,0.0035,0.0065,0.0062,0.0042,0.0087
14:16,0.0084,0.0079,0.0036,0.0062,0.0097,0.0053,0.0103
14:17,0.0089,0.0076,0.0034,0.0058,0.0135,0.0053,0.0101
14:18,0.0073,0.0075,0.0030,0.0044,0.0128,0.0048,0.0096
14:19,0.0072,0.0083,0.0036,0.0056,0.0063,0.0046,0.0067
14:20,0.0066,0.0070,0.0045,0.0075,0.0079,0.0055,0.0057
14:21,0.0066,0.0060,0.0038,0.0075,0.0139,0.0055,0.0053
14:22,0.0071,0.0060,0.0052,0.0058,0.0068,0.0047,0.0070
14:23,0.0085,0.0066,0.0035,0.0050,0.0071,0.0055,0.0080
14:24,0.0090,0.0079,0.0030,0.0039,0.0060,0.0049,0.0078
14:25,0.0086,0.0084,0.0038,0.0044,0.0056,0.0063,0.0085
14:26,0.0096,0.0093,0.0040,0.0048,0.0090,0.0089,0.0087
14:27,0.0098,0.0090,0.0045,0.0055,0.0071,0.0082,0.0085
14:28,0.0115,0.0080,0.0035,0.0054,0.0073,0.0058,0.0081
14:29,0.0115,0.0056,0.0045,0.0049,0.0062,0.0054,0.0077
14:30,0.0097,0.0067,0.0051,0.0031,0.0050,0.0053,0.0077
14:31,0.0090,0.0067,0.0067,0.0037,0.0059,0.0053,0.0066
14:32,0.0067,0.0068,0.0059,0.0042,0.0050,0.0054,0.0079
14:33,0.0057,0.0066,0.0061,0.0046,0.0041,0.0046,0.0097
14:34,0.0058,0.0070,0.0055,0.0037,0.0039,0.0062,0.0116
14:35,0.0071,0.0066,0.0059,0.0045,0.0048,0.0047,0.0119
14:36,0.0082,0.0074,0.0059,0.0046,0.0047,0.0043,0.0125
14:37,0.0084,0.0070,0.0052,0.0036,0.0073,0.0053,0.0116
14:38,0.0075,0.0076,0.0049,0.0039,0.0078,0.0049,0.0112
14:39,0.0085,0.0065,0.0054,0.0047,0.0074,0.0043,0.0097
14:40,0.0086,0.0070,0.0045,0.0041,0.0073,0.0048,0.0102
14:41,0.0065,0.0053,0.0038,0.0036,0.0058,0.0053,0.0093
14:42,0.0060,0.0058,0.0043,0.0028,0.0039,0.0039,0.0093
14:43,0.0066,0.0071,0.0055,0.0027,0.0041,0.0043,0.0099
14:44,0.0055,0.0070,0.0051,0.0041,0.0040,0.0043,0.0097
14:45,0.0056,0.0072,0.0042,0.0048,0.0056,0.0045,0.0087
14:46,0.0062,0.0055,0.0054,0.0038,0.0053,0.0061,0.0101
14:47,0.0058,0.0064,0.0059,0.0034,0.0053,0.0053,0.0082
14:48,0.0065,0.0063,0.0048,0.0037,0.0075,0.0050,0.0073
14:49,0.0067,0.0066,0.0050,0.0038,0.0062,0.0058,0.0079
14:50,0.0087,0.0066,0.0053,0.0035,0.0053,0.0048,0.0078
14:51,0.0086,0.0070,0.0046,0.0029,0.0054,0.0042,0.0081
14:52,0.0072,0.0082,0.0042,0.0029,0.0056,0.0064,0.0090
14:53,0.0059,0.0055,0.0058,0.0024,0.0063,0.0060,0.0105
14:54,0.0076,0.0063,0.0043,0.0031,0.0051,0.0056,0.0095
14:55,0.0084,0.0063,0.0046,0.0055,0.0039,0.0044,0.0067
14:56,0.0070,0.0070,0.0050,0.0052,0.0053,0.0046,0.0087
14:57,0.0062,0.0066,0.0057,0.0053,0.0058,0.0051,0.0076
14:58,0.0080,0.0079,0.0055,0.0056,0.0062,0.0056,0.0075
14:59,0.0081,0.0071,0.0051,0.0059,0.0028,0.0056,0.0074
15:00,0.0065,0.0056,0.0038,0.0065,0.0045,0.0060,0.0070
15:01,0.0068,0.0059,0.0049,0.0074,0.0055,0.0064,0.0089
15:02,0.0064,0.0048,0.0054,0.0080,0.0037,0.0081,0.0090
15:03,0.0088,0.0061,0.0056,0.0056,0.0031,0.0083,0.0082
15:04,0.0080,0.0063,0.0043,0.0050,0.0027,0.0085,0.0073
15:05,0.0090,0.0073,0.0042,0.0056,0.0040,0.0088,0.0066
15:06,0.0088,0.0078,0.0055,0.0051,0.0050,0.0097,0.0057
15:07,0.0082,0.0084,0.0056,0.0063,0.0037,0.0085,0.0078
15:08,0.0102,0.0091,0.0058,0.0078,0.0044,0.0091,0.0088
15:09,0.0098,0.0083,0.0046,0.0070,0.0046,0.0081,0.0076
15:10,0.0093,0.0124,0.0043,0.0074,0.0066,0.0090,0.0072
15:11,0.0081,0.0108,0.0057,0.0073,0.0058,0.0086,0.0070
15:12,0.0068,0.0103,0.0054,0.0069,0.0046,0.0093,0.0077
15:13,0.0069,0.0091,0.0042,0.0064,0.0023,0.0058,0.0093
15:14,0.0068,0.0060,0.0042,0.0062,0.0038,0.0060,0.0102
15:15,0.0085,0.0075,0.0048,0.0080,0.0042,0.0057,0.0097
15:16,0.0072,0.0066,0.0048,0.0066,0.0027,0.0052,0.0093
15:17,0.0067,0.0085,0.0035,0.0071,0.0038,0.0066,0.0113
15:18,0.0062,0.0079,0.0046,0.0061,0.0055,0.0038,0.0107
15:19,0.0065,0.0063,0.0047,0.0073,0.0045,0.0035,0.0082
15:20,0.0083,0.0078,0.0037,0.0066,0.0043,0.0032,0.0080
15:21,0.0073,0.0086,0.0056,0.0073,0.0044,0.0035,0.0070
15:22,0.0080,0.0108,0.0055,0.0071,0.0040,0.0037,0.0051
15:23,0.0071,0.0063,0.0048,0.0065,0.0031,0.0045,0.0045
15:24,0.0074,0.0068,0.0059,0.0060,0.0029,0.0042,0.0046
15:25,0.0092,0.0070,0.0048,0.0061,0.0024,0.0063,0.0047
15:26,0.0107,0.0089,0.0045,0.0059,0.0029,0.0058,0.0043
15:27,0.0114,0.0070,0.0046,0.0061,0.0022,0.0052,0.0051
15:28,0.0103,0.0049,0.0053,0.0067,0.0047,0.0069,0.0051
15:29,0.0145,0.0051,0.0058,0.0082,0.0042,0.0090,0.0047
15:30,0.0107,0.0056,0.0072,0.0061,0.0039,0.0070,0.0061
15:31,0.0102,0.0072,0.0061,0.0064,0.0029,0.0047,0.0054
15:32,0.0101,0.0068,0.0052,0.0066,0.0043,0.0049,0.0048
15:33,0.0091,0.0070,0.0045,0.0075,0.0045,0.0051,0.0041
15:34,0.0084,0.0066,0.0056,0.0087,0.0042,0.0054,0.0048
15:35,0.0091,0.0096,0.0065,0.0091,0.0039,0.0059,0.0035
15:36,0.0093,0.0089,0.0058,0.0063,0.0037,0.0049,0.0044
15:37,0.0096,0.0071,0.0081,0.0074,0.0039,0.0039,0.0065
15:38,0.0100,0.0069,0.0084,0.0087,0.0066,0.0045,0.0068
15:39,0.0094,0.0072,0.0084,0.0070,0.0061,0.0043,0.0038
15:40,0.0080,0.0070,0.0085,0.0065,0.0040,0.0049,0.0041
15:41,0.0076,0.0077,0.0074,0.0068,0.0035,0.0055,0.0051
15:42,0.0075,0.0092,0.0065,0.0065,0.0029,0.0052,0.0055
15:43,0.0068,0.0093,0.0066,0.0063,0.0045,0.0048,0.0066
15:44,0.0089,0.0085,0.0061,0.0082,0.0038,0.0043,0.0055
15:45,0.0082,0.0085,0.0055,0.0087,0.0044,0.0033,0.0053
15:46,0.0094,0.0099,0.0055,0.0058,0.0043,0.0044,0.0060
15:47,0.0079,0.0103,0.0076,0.0048,0.0057,0.0039,0.0049
15:48,0.0077,0.0103,0.0075,0.0052,0.0082,0.0041,0.0071
15:49,0.0078,0.0096,0.0074,0.0055,0.0071,0.0050,0.0067
15:50,0.0079,0.0102,0.0055,0.0043,0.0062,0.0036,0.0055
15:51,0.0079,0.0101,0.0075,0.0051,0.0044,0.0039,0.0062
15:52,0.0093,0.0108,0.0055,0.0046,0.0037,0.0027,0.0069
15:53,0.0074,0.0102,0.0069,0.0042,0.0046,0.0050,0.0065
15:54,0.0074,0.0106,0.0065,0.0060,0.0042,0.0047,0.0064
15:55,0.0072,0.0103,0.0065,0.0051,0.0046,0.0047,0.0054
15:56,0.0081,0.0073,0.0058,0.0055,0.0056,0.0042,0.0058
15:57,0.0081,0.0082,0.0046,0.0065,0.0059,0.0062,0.0059
15:58,0.0086,0.0113,0.0047,0.0048,0.0076,0.0067,0.0062
15:59,0.0082,0.0087,0.0041,0.0048,0.0098,0.0052,0.0048
16:00,0.0066,0.0096,0.0029,0.0063,0.0046,0.0054,0.0052
16:01,0.0082,0.0081,0.0032,0.0048,0.0044,0.0060,0.0045
16:02,0.0081,0.0065,0.0031,0.0056,0.0038,0.0057,0.0048
16:03,0.0062,0.0094,0.0038,0.0043,0.0043,0.0050,0.0058
16:04,0.0065,0.0063,0.0045,0.0053,0.0068,0.0044,0.0045
16:05,0.0080,0.0074,0.0050,0.0038,0.0069,0.0036,0.0038
16:06,0.0078,0.0062,0.0068,0.0034,0.0053,0.0028,0.0045
16:07,0.0075,0.0057,0.0066,0.0068,0.0047,0.0026,0.0048
16:08,0.0065,0.0066,0.0083,0.0064,0.0048,0.0024,0.0063
16:09,0.0065,0.0057,0.0070,0.0048,0.0053,0.0023,0.0045
16:10,0.0054,0.0059,0.0053,0.0049,0.0050,0.0024,0.0054
16:11,0.0064,0.0060,0.0063,0.0045,0.0063,0.0023,0.0052
16:12,0.0078,0.0055,0.0057,0.0041,0.0045,0.0023,0.0043
16:13,0.0062,0.0060,0.0061,0.0045,0.0049,0.0015,0.0036
16:14,0.0064,0.0065,0.0069,0.0046,0.0043,0.0017,0.0036
16:15,0.0056,0.0058,0.0058,0.0050,0.0051,0.0025,0.0047
16:16,0.0063,0.0069,0.0064,0.0046,0.0063,0.0030,0.0068
16:17,0.0081,0.0054,0.0050,0.0043,0.0054,0.0028,0.0059
16:18,0.0076,0.0049,0.0061,0.0034,0.0070,0.0025,0.0031
16:19,0.0074,0.0049,0.0052,0.0029,0.0073,0.0027,0.0036
16:20,0.0100,0.0040,0.0071,0.0037,0.0086,0.0023,0.0036
16:21,0.0085,0.0061,0.0069,0.0039,0.0081,0.0028,0.0058
16:22,0.0097,0.0059,0.0064,0.0042,0.0070,0.0034,0.0051
16:23,0.0101,0.0046,0.0066,0.0034,0.0078,0.0018,0.0042
16:24,0.0096,0.0061,0.0062,0.0028,0.0068,0.0037,0.0043
16:25,0.0089,0.0040,0.0067,0.0032,0.0064,0.0041,0.0055
16:26,0.0091,0.0033,0.0060,0.0042,0.0059,0.0028,0.0068
16:27,0.0085,0.0047,0.0054,0.0044,0.0047,0.0030,0.0069
16:28,0.0086,0.0049,0.0051,0.0034,0.0080,0.0026,0.0072
16:29,0.0088,0.0063,0.0059,0.0034,0.0074,0.0021,0.0056
16:30,0.0094,0.0068,0.0048,0.0048,0.0062,0.0038,0.0075
16:31,0.0137,0.0054,0.0055,0.0055,0.0063,0.0038,0.0058
16:32,0.0094,0.0065,0.0047,0.0060,0.0056,0.0033,0.0056
16:33,0.0098,0.0072,0.0047,0.0037,0.0047,0.0027,0.0059
16:34,0.0092,0.0053,0.0062,0.0027,0.0057,0.0034,0.0075
16:35,0.0079,0.0041,0.0046,0.0039,0.0057,0.0043,0.0065
16:36,0.0098,0.0047,0.0047,0.0037,0.0060,0.0044,0.0058
16:37,0.0099,0.0058,0.0054,0.0025,0.0056,0.0040,0.0062
16:38,0.0089,0.0072,0.0066,0.0035,0.0042,0.0041,0.0055
16:39,0.0084,0.0073,0.0068,0.0027,0.0045,0.0065,0.0056
16:40,0.0089,0.0067,0.0060,0.0054,0.0048,0.0060,0.0062
16:41,0.0088,0.0085,0.0061,0.0059,0.0065,0.0055,0.0066
16:42,0.0087,0.0053,0.0046,0.0048,0.0052,0.0055,0.0051
16:43,0.0071,0.0045,0.0032,0.0038,0.0048,0.0044,0.0048
16:44,0.0088,0.0058,0.0031,0.0047,0.0039,0.0059,0.0060
16:45,0.0074,0.0052,0.0052,0.0046,0.0047,0.0053,0.0072
16:46,0.0089,0.0045,0.0054,0.0038,0.0070,0.0052,0.0073
16:47,0.0097,0.0058,0.0052,0.0040,0.0065,0.0059,0.0079
16:48,0.0123,0.0047,0.0043,0.0035,0.0067,0.0067,0.0092
16:49,0.0099,0.0048,0.0043,0.0035,0.0074,0.0063,0.0071
16:50,0.0120,0.0043,0.0047,0.0036,0.0092,0.0086,0.0076
16:51,0.0100,0.0040,0.0045,0.0061,0.0072,0.0083,0.0088
16:52,0.0085,0.0038,0.0043,0.0046,0.0071,0.0072,0.0086
16:53,0.0073,0.0052,0.0055,0.0044,0.0058,0.0066,0.0061
16:54,0.0081,0.0058,0.0044,0.0042,0.0063,0.0054,0.0056
16:55,0.0091,0.0049,0.0043,0.0027,0.0049,0.0048,0.0059
16:56,0.0073,0.0051,0.0042,0.0023,0.0050,0.0056,0.0062
16:57,0.0089,0.0053,0.0048,0.0029,0.0045,0.0049,0.0057
16:58,0.0086,0.0057,0.0045,0.0022,0.0046,0.0045,0.0055
16:59,0.0074,0.0073,0.0038,0.0031,0.0046,0.0052,0.0063
17:00,0.0067,0.0055,0.0034,0.0046,0.0045,0.0050,0.0059
17:01,0.0076,0.0053,0.0039,0.0043,0.0050,0.0045,0.0067
17:02,0.0084,0.0059,0.0035,0.0033,0.0065,0.0046,0.0047
17:03,0.0046,0.0061,0.0033,0.0036,0.0059,0.0037,0.0059
17:04,0.0040,0.0060,0.0033,0.0034,0.0061,0.0033,0.0073
17:05,0.0045,0.0066,0.0028,0.0038,0.0058,0.0044,0.0078
17:06,0.0054,0.0079,0.0034,0.0068,0.0057,0.0033,0.0073
17:07,0.0070,0.0081,0.0053,0.0060,0.0060,0.0037,0.0071
17:08,0.0061,0.0067,0.0057,0.0067,0.0074,0.0059,0.0072
17:09,0.0066,0.0062,0.0038,0.0051,0.0059,0.0072,0.0065
17:10,0.0049,0.0050,0.0042,0.0048,0.0077,0.0072,0.0080
17:11,0.0048,0.0051,0.0054,0.0076,0.0066,0.0047,0.0060
17:12,0.0037,0.0058,0.0038,0.0052,0.0061,0.0061,0.0066
17:13,0.0051,0.0065,0.0039,0.0060,0.0067,0.0056,0.0059
17:14,0.0044,0.0043,0.0047,0.0062,0.0071,0.0064,0.0046
17:15,0.0040,0.0050,0.0038,0.0059,0.0052,0.0068,0.0039
17:16,0.0056,0.0050,0.0039,0.0050,0.0048,0.0053,0.0041
17:17,0.0057,0.0044,0.0040,0.0064,0.0043,0.0064,0.0053
17:18,0.0053,0.0052,0.0039,0.0075,0.0036,0.0055,0.0036
17:19,0.0058,0.0093,0.0036,0.0073,0.0046,0.0048,0.0042
17:20,0.0067,0.0060,0.0030,0.0063,0.0041,0.0074,0.0046
17:21,0.0044,0.0068,0.0040,0.0053,0.0055,0.0053,0.0036
17:22,0.0060,0.0053,0.0042,0.0064,0.0056,0.0042,0.0055
17:23,0.0067,0.0054,0.0030,0.0086,0.0072,0.0039,0.0059
17:24,0.0084,0.0059,0.0031,0.0077,0.0072,0.0053,0.0048
17:25,0.0080,0.0058,0.0034,0.0075,0.0076,0.0063,0.0058
17:26,0.0057,0.0099,0.0044,0.0068,0.0071,0.0063,0.0043
17:27,0.0059,0.0113,0.0050,0.0067,0.0059,0.0037,0.0030
17:28,0.0077,0.0092,0.0050,0.0080,0.0062,0.0037,0.0062
17:29,0.0063,0.0094,0.0050,0.0062,0.0060,0.0042,0.0087
17:30,0.0066,0.0090,0.0055,0.0063,0.0058,0.0044,0.0081
17:31,0.0062,0.0058,0.0043,0.0075,0.0072,0.0050,0.0075
17:32,0.0069,0.0072,0.0040,0.0058,0.0068,0.0049,0.0065
17:33,0.0043,0.0117,0.0026,0.0049,0.0059,0.0043,0.0058
17:34,0.0039,0.0099,0.0030,0.0053,0.0057,0.0053,0.0037
17:35,0.0041,0.0069,0.0061,0.0053,0.0112,0.0050,0.0048
17:36,0.0065,0.0078,0.0063,0.0053,0.0057,0.0053,0.0043
17:37,0.0061,0.0093,0.0061,0.0060,0.0041,0.0056,0.0053
17:38,0.0064,0.0081,0.0066,0.0063,0.0033,0.0071,0.0062
17:39,0.0060,0.0094,0.0044,0.0056,0.0028,0.0079,0.0052
17:40,0.0064,0.0078,0.0048,0.0051,0.0042,0.0065,0.0035
17:41,0.0073,0.0078,0.0054,0.0030,0.0034,0.0053,0.0042
17:42,0.0055,0.0069,0.0052,0.0045,0.0062,0.0037,0.0055
17:43,0.0043,0.0072,0.0055,0.0055,0.0059,0.0036,0.0060
17:44,0.0050,0.0077,0.0063,0.0063,0.0064,0.0043,0.0048
17:45,0.0046,0.0068,0.0057,0.0056,0.0061,0.0035,0.0059
17:46,0.0070,0.0077,0.0048,0.0064,0.0089,0.0048,0.0099
17:47,0.0066,0.0094,0.0043,0.0062,0.0072,0.0035,0.0075
17:48,0.0058,0.0095,0.0055,0.0061,0.0053,0.0040,0.0075
17:49,0.0059,0.0102,0.0066,0.0056,0.0046,0.0037,0.0071
17:50,0.0061,0.0103,0.0061,0.0058,0.0053,0.0051,0.0059
17:51,0.0072,0.0092,0.0063,0.0076,0.0053,0.0048,0.0055
17:52,0.0061,0.0087,0.0053,0.0043,0.0054,0.0038,0.0055
17:53,0.0050,0.0088,0.0057,0.0041,0.0047,0.0048,0.0054
17:54,0.0050,0.0062,0.0052,0.0039,0.0045,0.0063,0.0061
17:55,0.0056,0.0076,0.0051,0.0046,0.0054,0.0073,0.0053
17:56,0.0063,0.0075,0.0049,0.0048,0.0058,0.0091,0.0054
17:57,0.0058,0.0065,0.0047,0.0046,0.0058,0.0097,0.0064
17:58,0.0066,0.0071,0.0052,0.0060,0.0063,0.0087,0.0066
17:59,0.0069,0.0069,0.0054,0.0056,0.0071,0.0076,0.0050
18:00,0.0060,0.0073,0.0054,0.0043,0.0051,0.0063,0.0047
18:01,0.0056,0.0079,0.0056,0.0052,0.0060,0.0088,0.0049
18:02,0.0055,0.0083,0.0059,0.0058,0.0061,0.0082,0.0058
18:03,0.0068,0.0081,0.0043,0.0042,0.0059,0.0071,0.0057
18:04,0.0061,0.0088,0.0053,0.0058,0.0049,0.0059,0.0052
18:05,0.0045,0.0090,0.0045,0.0055,0.0048,0.0065,0.0033
18:06,0.0038,0.0068,0.0033,0.0053,0.0061,0.0082,0.0036
18:07,0.0042,0.0079,0.0024,0.0048,0.0069,0.0068,0.0065
18:08,0.0046,0.0064,0.0034,0.0045,0.0062,0.0051,0.0040
18:09,0.0039,0.0060,0.0028,0.0037,0.0061,0.0042,0.0039
18:10,0.0058,0.0077,0.0029,0.0060,0.0047,0.0032,0.0064
18:11,0.0043,0.0072,0.0024,0.0055,0.0063,0.0029,0.0048
18:12,0.0039,0.0085,0.0029,0.0075,0.0053,0.0040,0.0057
18:13,0.0063,0.0085,0.0030,0.0063,0.0048,0.0047,0.0062
18:14,0.0043,0.0069,0.0038,0.0068,0.0047,0.0056,0.0040
18:15,0.0052,0.0074,0.0061,0.0059,0.0042,0.0044,0.0042
18:16,0.0054,0.0072,0.0063,0.0058,0.0043,0.0039,0.0046
18:17,0.0045,0.0073,0.0052,0.0069,0.0061,0.0044,0.0050
18:18,0.0040,0.0070,0.0070,0.0068,0.0056,0.0041,0.0042
18:19,0.0038,0.0090,0.0050,0.0064,0.0053,0.0044,0.0030
18:20,0.0030,0.0084,0.0029,0.0085,0.0068,0.0049,0.0041
18:21,0.0033,0.0067,0.0026,0.0078,0.0078,0.0040,0.0030
18:22,0.0031,0.0067,0.0030,0.0058,0.0080,0.0041,0.0041
18:23,0.0024,0.0062,0.0034,0.0050,0.0070,0.0036,0.0039
18:24,0.0031,0.0067,0.0034,0.0039,0.0070,0.0045,0.0038
18:25,0.0039,0.0055,0.0031,0.0072,0.0065,0.0053,0.0045
18:26,0.0046,0.0047,0.0029,0.0047,0.0063,0.0051,0.0047
18:27,0.0058,0.0068,0.0028,0.0048,0.0055,0.0040,0.0063
18:28,0.0048,0.0060,0.0028,0.0039,0.0051,0.0036,0.0053
18:29,0.0052,0.0057,0.0038,0.0041,0.0063,0.0043,0.0055
18:30,0.0047,0.0053,0.0051,0.0046,0.0085,0.0054,0.0058
18:31,0.0078,0.0039,0.0055,0.0052,0.0083,0.0053,0.0054
18:32,0.0047,0.0037,0.0040,0.0052,0.0084,0.0032,0.0044
18:33,0.0035,0.0032,0.0048,0.0053,0.0105,0.0027,0.0045
18:34,0.0043,0.0038,0.0056,0.0042,0.0096,0.0033,0.0035
18:35,0.0058,0.0040,0.0054,0.0044,0.0083,0.0030,0.0044
18:36,0.0046,0.0036,0.0060,0.0052,0.0070,0.0045,0.0043
18:37,0.0065,0.0056,0.0054,0.0033,0.0067,0.0042,0.0041
18:38,0.0059,0.0052,0.0047,0.0036,0.0045,0.0037,0.0043
18:39,0.0061,0.0069,0.0058,0.0032,0.0057,0.0041,0.0069
18:40,0.0053,0.0046,0.0052,0.0055,0.0051,0.0054,0.0048
18:41,0.0059,0.0035,0.0054,0.0050,0.0040,0.0050,0.0035
18:42,0.0064,0.0037,0.0049,0.0052,0.0064,0.0048,0.0031
18:43,0.0057,0.0046,0.0055,0.0066,0.0053,0.0032,0.0041
18:44,0.0073,0.0034,0.0056,0.0072,0.0064,0.0028,0.0054
18:45,0.0047,0.0041,0.0059,0.0068,0.0052,0.0027,0.0044
18:46,0.0047,0.0042,0.0051,0.0079,0.0047,0.0027,0.0039
18:47,0.0047,0.0041,0.0065,0.0057,0.0057,0.0028,0.0052
18:48,0.0038,0.0038,0.0057,0.0047,0.0048,0.0038,0.0034
18:49,0.0048,0.0058,0.0063,0.0052,0.0058,0.0044,0.0044
18:50,0.0058,0.0053,0.0063,0.0060,0.0046,0.0035,0.0042
18:51,0.0063,0.0058,0.0058,0.0034,0.0030,0.0041,0.0040
18:52,0.0074,0.0055,0.0066,0.0050,0.0028,0.0038,0.0049
18:53,0.0070,0.0064,0.0052,0.0050,0.0027,0.0045,0.0053
18:54,0.0062,0.0068,0.0067,0.0043,0.0020,0.0036,0.0059
18:55,0.0068,0.0073,0.0060,0.0040,0.0020,0.0049,0.0061
18:56,0.0038,0.0068,0.0053,0.0051,0.0029,0.0042,0.0042
18:57,0.0042,0.0061,0.0056,0.0039,0.0022,0.0044,0.0043
18:58,0.0047,0.0066,0.0042,0.0040,0.0030,0.0072,0.0055
18:59,0.0055,0.0061,0.0035,0.0047,0.0030,0.0060,0.0037
19:00,0.0042,0.0067,0.0040,0.0039,0.0032,0.0052,0.0046
19:01,0.0034,0.0074,0.0039,0.0048,0.0038,0.0048,0.0049
19:02,0.0037,0.0076,0.0067,0.0043,0.0031,0.0050,0.0044
19:03,0.0043,0.0068,0.0065,0.0042,0.0039,0.0051,0.0031
19:04,0.0043,0.0068,0.0063,0.0050,0.0040,0.0045,0.0042
19:05,0.0053,0.0062,0.0029,0.0039,0.0042,0.0058,0.0038
19:06,0.0064,0.0075,0.0026,0.0033,0.0030,0.0049,0.0025
19:07,0.0072,0.0072,0.0040,0.0034,0.0042,0.0053,0.0043
19:08,0.0062,0.0063,0.0040,0.0034,0.0057,0.0035,0.0035
19:09,0.0071,0.0058,0.0034,0.0054,0.0045,0.0044,0.0037
19:10,0.0069,0.0061,0.0038,0.0050,0.0054,0.0032,0.0049
19:11,0.0066,0.0053,0.0041,0.0047,0.0048,0.0037,0.0044
19:12,0.0061,0.0052,0.0035,0.0065,0.0043,0.0037,0.0059
19:13,0.0071,0.0048,0.0048,0.0062,0.0042,0.0035,0.0068
19:14,0.0063,0.0040,0.0034,0.0069,0.0049,0.0038,0.0067
19:15,0.0055,0.0052,0.0040,0.0062,0.0045,0.0044,0.0058
19:16,0.0062,0.0035,0.0035,0.0061,0.0048,0.0062,0.0060
19:17,0.0059,0.0035,0.0036,0.0055,0.0064,0.0049,0.0056
19:18,0.0057,0.0044,0.0044,0.0047,0.0037,0.0041,0.0058
19:19,0.0051,0.0046,0.0028,0.0053,0.0037,0.0037,0.0059
19:20,0.0056,0.0048,0.0025,0.0063,0.0046,0.0042,0.0051
19:21,0.0071,0.0044,0.0026,0.0073,0.0040,0.0028,0.0057
19:22,0.0064,0.0041,0.0026,0.0055,0.0040,0.0035,0.0047
19:23,0.0040,0.0050,0.0021,0.0063,0.0038,0.0027,0.0045
19:24,0.0034,0.0044,0.0037,0.0034,0.0061,0.0036,0.0049
19:25,0.0032,0.0056,0.0034,0.0052,0.0065,0.0025,0.0068
19:26,0.0029,0.0042,0.0038,0.0054,0.0056,0.0027,0.0043
19:27,0.0028,0.0049,0.0039,0.0054,0.0040,0.0032,0.0059
19:28,0.0031,0.0058,0.0049,0.0051,0.0041,0.0026,0.0042
19:29,0.0034,0.0045,0.0063,0.0049,0.0044,0.0020,0.0069
19:30,0.0047,0.0046,0.0045,0.0058,0.0047,0.0029,0.0058
19:31,0.0038,0.0056,0.0038,0.0032,0.0051,0.0023,0.0052
19:32,0.0044,0.0046,0.0029,0.0043,0.0041,0.0042,0.0047
19:33,0.0042,0.0032,0.0034,0.0051,0.0039,0.0028,0.0029
19:34,0.0053,0.0032,0.0042,0.0050,0.0030,0.0031,0.0029
19:35,0.0049,0.0030,0.0042,0.0032,0.0036,0.0025,0.0043
19:36,0.0069,0.0038,0.0034,0.0033,0.0033,0.0028,0.0071
19:37,0.0042,0.0044,0.0048,0.0044,0.0053,0.0031,0.0053
19:38,0.0046,0.0022,0.0038,0.0044,0.0044,0.0029,0.0049
19:39,0.0042,0.0029,0.0048,0.0044,0.0047,0.0039,0.0058
19:40,0.0035,0.0038,0.0062,0.0026,0.0074,0.0040,0.0050
19:41,0.0031,0.0035,0.0054,0.0015,0.0065,0.0033,0.0027
19:42,0.0041,0.0031,0.0045,0.0021,0.0075,0.0023,0.0028
19:43,0.0054,0.0042,0.0050,0.0041,0.0055,0.0021,0.0026
19:44,0.0043,0.0030,0.0045,0.0026,0.0046,0.0029,0.0029
19:45,0.0033,0.0033,0.0046,0.0028,0.0053,0.0042,0.0029
19:46,0.0050,0.0049,0.0054,0.0039,0.0055,0.0045,0.0036
19:47,0.0047,0.0044,0.0065,0.0038,0.0062,0.0060,0.0034
19:48,0.0047,0.0050,0.0066,0.0036,0.0078,0.0040,0.0032
19:49,0.0054,0.0056,0.0059,0.0052,0.0051,0.0043,0.0041
19:50,0.0073,0.0050,0.0055,0.0043,0.0032,0.0033,0.0033
19:51,0.0104,0.0056,0.0048,0.0058,0.0048,0.0038,0.0046
19:52,0.0079,0.0066,0.0056,0.0032,0.0048,0.0050,0.0044
19:53,0.0077,0.0058,0.0061,0.0037,0.0034,0.0047,0.0047
19:54,0.0082,0.0054,0.0054,0.0047,0.0029,0.0047,0.0049
19:55,0.0086,0.0042,0.0056,0.0056,0.0026,0.0060,0.0034
19:56,0.0057,0.0039,0.0039,0.0050,0.0043,0.0070,0.0029
19:57,0.0057,0.0037,0.0037,0.0052,0.0065,0.0066,0.0022
19:58,0.0053,0.0041,0.0033,0.0057,0.0061,0.0083,0.0066
19:59,0.0075,0.0053,0.0029,0.0045,0.0057,0.0082,0.0084
20:00,0.0083,0.0054,0.0025,0.0029,0.0037,0.0061,0.0044
20:01,0.0064,0.0045,0.0026,0.0035,0.0036,0.0063,0.0037
20:02,0.0059,0.0037,0.0029,0.0033,0.0035,0.0059,0.0042
20:03,0.0044,0.0042,0.0024,0.0031,0.0037,0.0059,0.0055
20:04,0.0045,0.0036,0.0031,0.0027,0.0046,0.0058,0.0043
20:05,0.0034,0.0039,0.0040,0.0032,0.0052,0.0065,0.0038
20:06,0.0037,0.0048,0.0021,0.0029,0.0053,0.0073,0.0038
20:07,0.0036,0.0037,0.0024,0.0039,0.0051,0.0056,0.0016
20:08,0.0035,0.0049,0.0031,0.0030,0.0052,0.0064,0.0024
20:09,0.0029,0.0047,0.0028,0.0043,0.0042,0.0058,0.0033
20:10,0.0028,0.0041,0.0033,0.0033,0.0034,0.0063,0.0028
20:11,0.0051,0.0044,0.0034,0.0031,0.0046,0.0062,0.0053
20:12,0.0033,0.0042,0.0059,0.0029,0.0044,0.0054,0.0049
20:13,0.0037,0.0042,0.0035,0.0035,0.0046,0.0064,0.0047
20:14,0.0028,0.0037,0.0029,0.0028,0.0032,0.0054,0.0040
20:15,0.0041,0.0041,0.0045,0.0033,0.0041,0.0044,0.0029
20:16,0.0037,0.0046,0.0058,0.0030,0.0047,0.0040,0.0041
20:17,0.0037,0.0041,0.0053,0.0047,0.0046,0.0049,0.0025
20:18,0.0020,0.0027,0.0050,0.0052,0.0048,0.0066,0.0034
20:19,0.0029,0.0030,0.0047,0.0034,0.0040,0.0051,0.0035
20:20,0.0021,0.0037,0.0050,0.0046,0.0033,0.0028,0.0021
20:21,0.0036,0.0023,0.0048,0.0059,0.0030,0.0022,0.0036
20:22,0.0049,0.0022,0.0059,0.0037,0.0038,0.0022,0.0025
20:23,0.0035,0.0030,0.0038,0.0054,0.0030,0.0031,0.0021
20:24,0.0036,0.0017,0.0038,0.0041,0.0054,0.0036,0.0024
20:25,0.0038,0.0026,0.0035,0.0050,0.0042,0.0011,0.0021
20:26,0.0030,0.0046,0.0040,0.0048,0.0054,0.0011,0.0023
20:27,0.0058,0.0015,0.0058,0.0063,0.0052,0.0021,0.0034
20:28,0.0048,0.0025,0.0039,0.0060,0.0067,0.0035,0.0032
20:29,0.0031,0.0028,0.0042,0.0048,0.0083,0.0040,0.0032
20:30,0.0032,0.0047,0.0060,0.0047,0.0065,0.0016,0.0048
20:31,0.0025,0.0052,0.0054,0.0039,0.0052,0.0031,0.0040
20:32,0.0023,0.0039,0.0055,0.0044,0.0043,0.0018,0.0033
20:33,0.0018,0.0041,0.0080,0.0035,0.0041,0.0016,0.0027
20:34,0.0023,0.0030,0.0088,0.0033,0.0053,0.0015,0.0021
20:35,0.0020,0.0038,0.0081,0.0047,0.0037,0.0018,0.0022
20:36,0.0019,0.0047,0.0061,0.0027,0.0033,0.0023,0.0024
20:37,0.0028,0.0040,0.0068,0.0021,0.0039,0.0050,0.0030
20:38,0.0016,0.0039,0.0072,0.0043,0.0043,0.0040,0.0043
20:39,0.0030,0.0040,0.0064,0.0049,0.0044,0.0031,0.0051
20:40,0.0031,0.0034,0.0057,0.0037,0.0061,0.0021,0.0052
20:41,0.0027,0.0049,0.0047,0.0044,0.0059,0.0024,0.0045
20:42,0.0033,0.0054,0.0050,0.0032,0.0056,0.0021,0.0051
20:43,0.0036,0.0063,0.0052,0.0027,0.0068,0.0021,0.0034
20:44,0.0011,0.0053,0.0049,0.0025,0.0053,0.0025,0.0038
20:45,0.0007,0.0049,0.0061,0.0022,0.0044,0.0037,0.0049
20:46,0.0018,0.0046,0.0077,0.0023,0.0042,0.0052,0.0056
20:47,0.0026,0.0043,0.0088,0.0013,0.0037,0.0047,0.0056
20:48,0.0056,0.0044,0.0098,0.0024,0.0030,0.0045,0.0038
20:49,0.0058,0.0050,0.0091,0.0027,0.0044,0.0027,0.0048
20:50,0.0032,0.0055,0.0067,0.0019,0.0047,0.0029,0.0047
20:51,0.0048,0.0045,0.0070,0.0021,0.0042,0.0030,0.0036
20:52,0.0028,0.0053,0.0073,0.0032,0.0048,0.0044,0.0041
20:53,0.0018,0.0048,0.0055,0.0041,0.0041,0.0045,0.0027
20:54,0.0024,0.0058,0.0065,0.0035,0.0034,0.0038,0.0034
20:55,0.0021,0.0067,0.0063,0.0037,0.0023,0.0053,0.0028
20:56,0.0015,0.0054,0.0080,0.0045,0.0022,0.0048,0.0033
20:57,0.0027,0.0078,0.0081,0.0068,0.0032,0.0060,0.0068
20:58,0.0076,0.0071,0.0067,0.0043,0.0038,0.0068,0.0049
20:59,0.0081,0.0051,0.0066,0.0048,0.0036,0.0041,0.0029
21:00,0.0040,0.0047,0.0071,0.0051,0.0030,0.0040,0.0022
21:01,0.0036,0.0044,0.0077,0.0056,0.0027,0.0057,0.0041
21:02,0.0036,0.0051,0.0053,0.0052,0.0027,0.0036,0.0040
21:03,0.0042,0.0035,0.0052,0.0042,0.0028,0.0030,0.0026
21:04,0.0038,0.0030,0.0052,0.0029,0.0056,0.0025,0.0025
21:05,0.0049,0.0029,0.0049,0.0022,0.0066,0.0016,0.0021
21:06,0.0057,0.0042,0.0044,0.0027,0.0051,0.0023,0.0025
21:07,0.0064,0.0027,0.0050,0.0055,0.0029,0.0040,0.0023
21:08,0.0065,0.0028,0.0047,0.0047,0.0026,0.0033,0.0032
21:09,0.0049,0.0032,0.0053,0.0060,0.0029,0.0026,0.0026
21:10,0.0051,0.0038,0.0051,0.0060,0.0028,0.0024,0.0040
21:11,0.0041,0.0029,0.0053,0.0060,0.0038,0.0022,0.0044
21:12,0.0041,0.0024,0.0066,0.0085,0.0029,0.0025,0.0034
21:13,0.0056,0.0027,0.0063,0.0065,0.0022,0.0037,0.0011
21:14,0.0034,0.0045,0.0047,0.0053,0.0025,0.0028,0.0031
21:15,0.0019,0.0029,0.0038,0.0053,0.0036,0.0022,0.0022
21:16,0.0031,0.0025,0.0039,0.0066,0.0030,0.0027,0.0028
21:17,0.0053,0.0030,0.0044,0.0065,0.0033,0.0025,0.0025
21:18,0.0033,0.0040,0.0051,0.0071,0.0031,0.0023,0.0022
21:19,0.0030,0.0041,0.0044,0.0078,0.0040,0.0025,0.0037
21:20,0.0039,0.0039,0.0042,0.0090,0.0045,0.0017,0.0079
21:21,0.0030,0.0028,0.0053,0.0067,0.0043,0.0031,0.0058
21:22,0.0033,0.0023,0.0058,0.0046,0.0038,0.0027,0.0049
21:23,0.0034,0.0031,0.0049,0.0057,0.0063,0.0032,0.0029
21:24,0.0023,0.0036,0.0039,0.0050,0.0062,0.0020,0.0033
21:25,0.0031,0.0024,0.0032,0.0050,0.0070,0.0022,0.0040
21:26,0.0023,0.0031,0.0032,0.0052,0.0058,0.0027,0.0024
21:27,0.0023,0.0048,0.0034,0.0072,0.0070,0.0033,0.0032
21:28,0.0035,0.0034,0.0055,0.0078,0.0080,0.0036,0.0023
21:29,0.0060,0.0040,0.0048,0.0061,0.0078,0.0031,0.0014
21:30,0.0084,0.0032,0.0038,0.0062,0.0073,0.0038,0.0018
21:31,0.0044,0.0038,0.0035,0.0061,0.0071,0.0033,0.0018
21:32,0.0058,0.0024,0.0033,0.0059,0.0052,0.0036,0.0029
21:33,0.0042,0.0017,0.0033,0.0061,0.0055,0.0036,0.0024
21:34,0.0040,0.0056,0.0029,0.0052,0.0057,0.0051,0.0013
21:35,0.0049,0.0044,0.0044,0.0044,0.0046,0.0065,0.0009
21:36,0.0049,0.0027,0.0057,0.0072,0.0037,0.0068,0.0005
21:37,0.0062,0.0035,0.0064,0.0072,0.0049,0.0055,0.0015
21:38,0.0048,0.0036,0.0083,0.0050,0.0078,0.0053,0.0025
21:39,0.0046,0.0026,0.0078,0.0050,0.0060,0.0043,0.0028
21:40,0.0052,0.0033,0.0063,0.0046,0.0047,0.0043,0.0037
21:41,0.0046,0.0038,0.0053,0.0045,0.0038,0.0068,0.0022
21:42,0.0042,0.0034,0.0047,0.0063,0.0039,0.0082,0.0020
21:43,0.0039,0.0036,0.0032,0.0043,0.0066,0.0063,0.0035
21:44,0.0040,0.0031,0.0058,0.0037,0.0044,0.0049,0.0044
21:45,0.0052,0.0032,0.0047,0.0029,0.0036,0.0062,0.0037
21:46,0.0044,0.0032,0.0029,0.0031,0.0044,0.0077,0.0035
21:47,0.0039,0.0027,0.0030,0.0039,0.0048,0.0060,0.0050
21:48,0.0051,0.0025,0.0030,0.0033,0.0051,0.0057,0.0032
21:49,0.0040,0.0033,0.0026,0.0047,0.0053,0.0053,0.0045
21:50,0.0051,0.0029,0.0030,0.0036,0.0051,0.0055,0.0038
21:51,0.0054,0.0034,0.0044,0.0037,0.0037,0.0053,0.0033
21:52,0.0053,0.0033,0.0041,0.0043,0.0027,0.0063,0.0038
21:53,0.0053,0.0016,0.0043,0.0057,0.0022,0.0066,0.0032
21:54,0.0063,0.0024,0.0045,0.0051,0.0033,0.0049,0.0034
21:55,0.0038,0.0032,0.0040,0.0037,0.0036,0.0046,0.0057
21:56,0.0031,0.0043,0.0041,0.0026,0.0040,0.0053,0.0026
21:57,0.0018,0.0036,0.0048,0.0038,0.0025,0.0048,0.0036
21:58,0.0013,0.0015,0.0063,0.0040,0.0035,0.0055,0.0051
21:59,0.0021,0.0028,0.0055,0.0052,0.0042,0.0056,0.0054
22:00,0.0019,0.0025,0.0019,0.0049,0.0031,0.0064,0.0047
22:01,0.0015,0.0033,0.0032,0.0048,0.0042,0.0056,0.0037
22:02,0.0019,0.0025,0.0030,0.0035,0.0035,0.0062,0.0036
22:03,0.0028,0.0017,0.0030,0.0031,0.0054,0.0056,0.0049
22:04,0.0038,0.0008,0.0040,0.0025,0.0048,0.0044,0.0042
22:05,0.0037,0.0014,0.0036,0.0025,0.0030,0.0055,0.0033
22:06,0.0047,0.0026,0.0041,0.0023,0.0029,0.0046,0.0032
22:07,0.0046,0.0025,0.0055,0.0031,0.0032,0.0051,0.0029
22:08,0.0051,0.0034,0.0036,0.0020,0.0036,0.0073,0.0054
22:09,0.0053,0.0029,0.0026,0.0026,0.0051,0.0050,0.0045
22:10,0.0051,0.0031,0.0051,0.0036,0.0049,0.0046,0.0028
22:11,0.0038,0.0064,0.0035,0.0032,0.0046,0.0044,0.0026
22:12,0.0037,0.0046,0.0038,0.0034,0.0025,0.0056,0.0035
22:13,0.0031,0.0025,0.0059,0.0024,0.0023,0.0053,0.0030
22:14,0.0031,0.0040,0.0045,0.0031,0.0026,0.0041,0.0052
22:15,0.0024,0.0054,0.0048,0.0024,0.0019,0.0041,0.0039
22:16,0.0038,0.0050,0.0062,0.0033,0.0024,0.0035,0.0053
22:17,0.0028,0.0030,0.0045,0.0040,0.0025,0.0039,0.0058
22:18,0.0033,0.0034,0.0049,0.0041,0.0017,0.0035,0.0035
22:19,0.0042,0.0024,0.0042,0.0064,0.0018,0.0033,0.0041
22:20,0.0036,0.0024,0.0027,0.0046,0.0024,0.0051,0.0075
22:21,0.0039,0.0020,0.0022,0.0042,0.0041,0.0081,0.0070
22:22,0.0034,0.0026,0.0030,0.0040,0.0028,0.0057,0.0060
22:23,0.0054,0.0015,0.0028,0.0031,0.0041,0.0057,0.0047
22:24,0.0041,0.0039,0.0048,0.0033,0.0025,0.0047,0.0037
22:25,0.0045,0.0046,0.0071,0.0053,0.0026,0.0054,0.0041
22:26,0.0036,0.0028,0.0042,0.0051,0.0033,0.0062,0.0032
22:27,0.0033,0.0021,0.0038,0.0059,0.0035,0.0073,0.0042
22:28,0.0035,0.0035,0.0034,0.0049,0.0044,0.0083,0.0062
22:29,0.0032,0.0029,0.0038,0.0030,0.0043,0.0062,0.0063
22:30,0.0031,0.0022,0.0038,0.0033,0.0054,0.0047,0.0053
22:31,0.0032,0.0031,0.0040,0.0050,0.0022,0.0046,0.0036
22:32,0.0049,0.0026,0.0040,0.0043,0.0022,0.0043,0.0035
22:33,0.0038,0.0024,0.0032,0.0029,0.0023,0.0056,0.0038
22:34,0.0033,0.0028,0.0033,0.0033,0.0020,0.0028,0.0047
22:35,0.0034,0.0020,0.0036,0.0028,0.0023,0.0031,0.0034
22:36,0.0026,0.0013,0.0030,0.0029,0.0027,0.0032,0.0025
22:37,0.0028,0.0025,0.0045,0.0028,0.0030,0.0028,0.0026
22:38,0.0027,0.0045,0.0045,0.0046,0.0031,0.0025,0.0040
22:39,0.0023,0.0007,0.0042,0.0037,0.0036,0.0031,0.0035
22:40,0.0037,0.0016,0.0038,0.0043,0.0037,0.0045,0.0045
22:41,0.0040,0.0020,0.0045,0.0037,0.0042,0.0049,0.0024
22:42,0.0030,0.0040,0.0048,0.0032,0.0030,0.0034,0.0040
22:43,0.0033,0.0024,0.0029,0.0029,0.0027,0.0036,0.0027
22:44,0.0039,0.0036,0.0050,0.0024,0.0035,0.0041,0.0038
22:45,0.0032,0.0038,0.0058,0.0030,0.0038,0.0033,0.0043
22:46,0.0029,0.0042,0.0039,0.0034,0.0044,0.0045,0.0037
22:47,0.0031,0.0027,0.0034,0.0043,0.0038,0.0044,0.0054
22:48,0.0030,0.0020,0.0056,0.0039,0.0038,0.0043,0.0029
22:49,0.0052,0.0016,0.0054,0.0050,0.0043,0.0069,0.0028
22:50,0.0055,0.0040,0.0085,0.0036,0.0040,0.0085,0.0017
22:51,0.0064,0.0026,0.0102,0.0040,0.0031,0.0063,0.0024
22:52,0.0033,0.0036,0.0085,0.0048,0.0046,0.0062,0.0046
22:53,0.0039,0.0026,0.0081,0.0047,0.0035,0.0059,0.0046
22:54,0.0037,0.0028,0.0060,0.0034,0.0039,0.0054,0.0039
22:55,0.0059,0.0036,0.0073,0.0061,0.0050,0.0068,0.0041
22:56,0.0048,0.0044,0.0075,0.0058,0.0039,0.0066,0.0037
22:57,0.0031,0.0053,0.0073,0.0070,0.0049,0.0084,0.0047
22:58,0.0044,0.0026,0.0074,0.0054,0.0053,0.0098,0.0049
22:59,0.0055,0.0034,0.0048,0.0060,0.0056,0.0088,0.0045
23:00,0.0041,0.0034,0.0035,0.0057,0.0048,0.0085,0.0026
23:01,0.0038,0.0059,0.0024,0.0057,0.0046,0.0087,0.0034
23:02,0.0040,0.0073,0.0029,0.0077,0.0039,0.0098,0.0029
23:03,0.0042,0.0047,0.0028,0.0071,0.0047,0.0080,0.0023
23:04,0.0045,0.0030,0.0027,0.0032,0.0036,0.0076,0.0031
23:05,0.0040,0.0049,0.0027,0.0038,0.0051,0.0083,0.0055
23:06,0.0039,0.0058,0.0025,0.0043,0.0052,0.0073,0.0077
23:07,0.0045,0.0068,0.0025,0.0066,0.0052,0.0079,0.0069
23:08,0.0055,0.0066,0.0045,0.0064,0.0030,0.0102,0.0032
23:09,0.0045,0.0060,0.0061,0.0058,0.0047,0.0081,0.0051
23:10,0.0044,0.0047,0.0064,0.0073,0.0040,0.0063,0.0039
23:11,0.0033,0.0066,0.0059,0.0072,0.0043,0.0057,0.0030
23:12,0.0036,0.0055,0.0062,0.0056,0.0039,0.0066,0.0025
23:13,0.0049,0.0044,0.0076,0.0068,0.0051,0.0054,0.0034
23:14,0.0072,0.0059,0.0046,0.0079,0.0048,0.0072,0.0048
23:15,0.0070,0.0066,0.0038,0.0085,0.0059,0.0070,0.0071
23:16,0.0071,0.0058,0.0042,0.0077,0.0064,0.0087,0.0075
23:17,0.0071,0.0050,0.0050,0.0069,0.0066,0.0072,0.0072
23:18,0.0055,0.0055,0.0049,0.0073,0.0061,0.0068,0.0071
23:19,0.0038,0.0046,0.0059,0.0058,0.0063,0.0061,0.0059
23:20,0.0038,0.0043,0.0038,0.0064,0.0058,0.0044,0.0073
23:21,0.0036,0.0042,0.0038,0.0063,0.0044,0.0062,0.0076
23:22,0.0041,0.0047,0.0037,0.0040,0.0043,0.0059,0.0056
23:23,0.0041,0.0033,0.0028,0.0037,0.0047,0.0038,0.0031
23:24,0.0029,0.0042,0.0017,0.0041,0.0047,0.0044,0.0042
23:25,0.0041,0.0063,0.0021,0.0047,0.0052,0.0071,0.0045
23:26,0.0057,0.0068,0.0027,0.0038,0.0056,0.0063,0.0044
23:27,0.0074,0.0056,0.0030,0.0032,0.0050,0.0049,0.0041
23:28,0.0072,0.0052,0.0024,0.0038,0.0053,0.0046,0.0041
23:29,0.0058,0.0053,0.0028,0.0046,0.0048,0.0033,0.0048
23:30,0.0037,0.0058,0.0027,0.0048,0.0044,0.0036,0.0067
23:31,0.0046,0.0054,0.0025,0.0041,0.0040,0.0032,0.0054
23:32,0.0052,0.0062,0.0028,0.0040,0.0042,0.0034,0.0065
23:33,0.0046,0.0055,0.0039,0.0032,0.0035,0.0052,0.0057
23:34,0.0059,0.0043,0.0037,0.0054,0.0035,0.0045,0.0061
23:35,0.0063,0.0045,0.0035,0.0043,0.0042,0.0023,0.0065
23:36,0.0078,0.0034,0.0019,0.0047,0.0045,0.0017,0.0067
23:37,0.0054,0.0040,0.0015,0.0045,0.0038,0.0027,0.0059
23:38,0.0033,0.0032,0.0026,0.0046,0.0033,0.0035,0.0066
23:39,0.0032,0.0029,0.0033,0.0053,0.0052,0.0035,0.0048
23:40,0.0044,0.0037,0.0031,0.0052,0.0041,0.0032,0.0034
23:41,0.0047,0.0053,0.0033,0.0042,0.0043,0.0033,0.0043
23:42,0.0039,0.0030,0.0044,0.0053,0.0035,0.0040,0.0042
23:43,0.0041,0.0036,0.0038,0.0056,0.0028,0.0050,0.0037
23:44,0.0040,0.0043,0.0045,0.0044,0.0025,0.0044,0.0040
23:45,0.0036,0.0059,0.0050,0.0042,0.0041,0.0050,0.0043
23:46,0.0030,0.0050,0.0046,0.0057,0.0038,0.0053,0.0030
23:47,0.0052,0.0045,0.0040,0.0057,0.0030,0.0059,0.0033
23:48,0.0045,0.0034,0.0055,0.0065,0.0031,0.0061,0.0040
23:49,0.0039,0.0039,0.0057,0.0047,0.0028,0.0042,0.0034
23:50,0.0047,0.0036,0.0046,0.0047,0.0029,0.0064,0.0031
23:51,0.0056,0.0047,0.0053,0.0043,0.0031,0.0052,0.0046
23:52,0.0050,0.0046,0.0060,0.0070,0.0027,0.0050,0.0053
23:53,0.0046,0.0044,0.0054,0.0050,0.0044,0.0048,0.0056
23:54,0.0042,0.0048,0.0064,0.0054,0.0046,0.0049,0.0062
23:55,0.0059,0.0043,0.0051,0.0044,0.0056,0.0051,0.0070
23:56,0.0055,0.0035,0.0042,0.0052,0.0046,0.0037,0.0056
23:57,0.0055,0.0040,0.0048,0.0047,0.0058,0.0043,0.0062
23:58,0.0047,0.0046,0.0063,0.0051,0.0047,0.0042,0.0052
23:59,0.0054,0.0052,0.0063,0.0050,0.0045,0.0035,0.0048
0:00,0.0054,0.0048,0.0038,0.0079,0.0038,0.0030,0.0039
0:01,0.0048,0.0052,0.0033,0.0071,0.0043,0.0043,0.0056
0:02,0.0057,0.0054,0.0026,0.0065,0.0053,0.0076,0.0057
0:03,0.0045,0.0043,0.0022,0.0074,0.0059,0.0064,0.0046
0:04,0.0025,0.0063,0.0019,0.0046,0.0051,0.0046,0.0047
0:05,0.0028,0.0053,0.0023,0.0040,0.0045,0.0043,0.0050
0:06,0.0028,0.0038,0.0027,0.0051,0.0047,0.0043,0.0044
0:07,0.0037,0.0040,0.0031,0.0046,0.0052,0.0022,0.0049
0:08,0.0052,0.0047,0.0051,0.0062,0.0057,0.0023,0.0047
0:09,0.0038,0.0046,0.0055,0.0067,0.0060,0.0032,0.0046
0:10,0.0036,0.0059,0.0043,0.0060,0.0065,0.0030,0.0048
0:11,0.0044,0.0044,0.0030,0.0055,0.0040,0.0029,0.0044
0:12,0.0052,0.0045,0.0036,0.0046,0.0042,0.0034,0.0042
0:13,0.0045,0.0042,0.0043,0.0053,0.0049,0.0036,0.0046
0:14,0.0042,0.0046,0.0046,0.0059,0.0039,0.0038,0.0035
0:15,0.0041,0.0048,0.0044,0.0052,0.0040,0.0029,0.0043
0:16,0.0041,0.0073,0.0041,0.0062,0.0040,0.0029,0.0046
0:17,0.0038,0.0078,0.0026,0.0064,0.0050,0.0044,0.0046
0:18,0.0034,0.0077,0.0029,0.0065,0.0058,0.0038,0.0050
0:19,0.0037,0.0065,0.0035,0.0080,0.0052,0.0033,0.0035
0:20,0.0034,0.0061,0.0029,0.0079,0.0047,0.0038,0.0044
0:21,0.0036,0.0057,0.0033,0.0084,0.0046,0.0033,0.0051
0:22,0.0038,0.0054,0.0023,0.0082,0.0035,0.0046,0.0054
0:23,0.0028,0.0045,0.0019,0.0073,0.0041,0.0043,0.0068
0:24,0.0043,0.0051,0.0019,0.0076,0.0045,0.0051,0.0056
0:25,0.0048,0.0047,0.0022,0.0079,0.0055,0.0038,0.0042
0:26,0.0054,0.0043,0.0026,0.0081,0.0047,0.0043,0.0053
0:27,0.0066,0.0042,0.0030,0.0089,0.0059,0.0041,0.0044
0:28,0.0078,0.0035,0.0030,0.0117,0.0056,0.0043,0.0042
0:29,0.0070,0.0045,0.0023,0.0101,0.0053,0.0034,0.0024
0:30,0.0039,0.0043,0.0017,0.0089,0.0055,0.0047,0.0029
0:31,0.0048,0.0046,0.0024,0.0092,0.0052,0.0072,0.0039
0:32,0.0050,0.0056,0.0028,0.0088,0.0057,0.0063,0.0039
0:33,0.0048,0.0038,0.0029,0.0105,0.0051,0.0074,0.0026
0:34,0.0056,0.0045,0.0027,0.0093,0.0044,0.0103,0.0031
0:35,0.0051,0.0035,0.0030,0.0096,0.0040,0.0142,0.0033
0:36,0.0041,0.0045,0.0033,0.0095,0.0047,0.0193,0.0039
0:37,0.0045,0.0055,0.0035,0.0102,0.0043,0.0073,0.0023
0:38,0.0053,0.0059,0.0033,0.0090,0.0058,0.0046,0.0023
0:39,0.0047,0.0061,0.0041,0.0074,0.0047,0.0043,0.0036
0:40,0.0053,0.0045,0.0027,0.0086,0.0051,0.0064,0.0036
0:41,0.0052,0.0053,0.0037,0.0111,0.0037,0.0041,0.0026
0:42,0.0036,0.0056,0.0033,0.0108,0.0041,0.0041,0.0039
0:43,0.0030,0.0061,0.0030,0.0091,0.0047,0.0043,0.0068
0:44,0.0033,0.0057,0.0027,0.0088,0.0046,0.0049,0.0061
0:45,0.0028,0.0048,0.0035,0.0078,0.0042,0.0055,0.0067
0:46,0.0041,0.0050,0.0135,0.0105,0.0047,0.0068,0.0053
0:47,0.0034,0.0053,0.0106,0.0097,0.0033,0.0056,0.0032
0:48,0.0034,0.0057,0.0054,0.0070,0.0033,0.0065,0.0038
0:49,0.0036,0.0050,0.0040,0.0088,0.0041,0.0066,0.0026
0:50,0.0043,0.0064,0.0044,0.0098,0.0037,0.0051,0.0021
0:51,0.0039,0.0057,0.0041,0.0087,0.0041,0.0055,0.0026
0:52,0.0032,0.0057,0.0019,0.0092,0.0063,0.0065,0.0047
0:53,0.0044,0.0057,0.0023,0.0085,0.0037,0.0063,0.0041
0:54,0.0036,0.0054,0.0030,0.0080,0.0035,0.0042,0.0034
0:55,0.0042,0.0059,0.0063,0.0082,0.0051,0.0051,0.0049
0:56,0.0047,0.0068,0.0075,0.0075,0.0046,0.0056,0.0042
0:57,0.0057,0.0068,0.0038,0.0072,0.0045,0.0050,0.0051
0:58,0.0051,0.0068,0.0034,0.0065,0.0056,0.0062,0.0039
0:59,0.0060,0.0067,0.0026,0.0062,0.0055,0.0078,0.0038
1:00,0.0065,0.0070,0.0030,0.0083,0.0048,0.0059,0.0039
1:01,0.0067,0.0061,0.0035,0.0079,0.0039,0.0039,0.0023
1:02,0.0045,0.0062,0.0033,0.0082,0.0032,0.0040,0.0030
1:03,0.0046,0.0058,0.0045,0.0080,0.0036,0.0036,0.0029
1:04,0.0042,0.0055,0.0036,0.0083,0.0026,0.0035,0.0027
1:05,0.0037,0.0063,0.0027,0.0085,0.0026,0.0044,0.0019
1:06,0.0049,0.0058,0.0025,0.0080,0.0032,0.0042,0.0020
1:07,0.0032,0.0058,0.0051,0.0083,0.0038,0.0043,0.0018
1:08,0.0032,0.0057,0.0040,0.0088,0.0044,0.0057,0.0023
1:09,0.0040,0.0067,0.0035,0.0091,0.0033,0.0056,0.0041
1:10,0.0043,0.0062,0.0037,0.0081,0.0034,0.0057,0.0030
1:11,0.0046,0.0046,0.0038,0.0081,0.0038,0.0047,0.0032
1:12,0.0038,0.0052,0.0050,0.0087,0.0043,0.0051,0.0030
1:13,0.0045,0.0052,0.0042,0.0082,0.0034,0.0051,0.0028
1:14,0.0046,0.0052,0.0048,0.0079,0.0039,0.0057,0.0024
1:15,0.0042,0.0050,0.0030,0.0083,0.0031,0.0048,0.0026
1:16,0.0027,0.0051,0.0031,0.0089,0.0045,0.0043,0.0031
1:17,0.0022,0.0052,0.0034,0.0087,0.0041,0.0055,0.0049
1:18,0.0023,0.0048,0.0031,0.0088,0.0037,0.0047,0.0055
1:19,0.0035,0.0054,0.0042,0.0089,0.0031,0.0034,0.0048
1:20,0.0049,0.0057,0.0050,0.0089,0.0036,0.0034,0.0036
1:21,0.0041,0.0068,0.0053,0.0072,0.0038,0.0041,0.0032
1:22,0.0043,0.0057,0.0056,0.0081,0.0035,0.0048,0.0034
1:23,0.0048,0.0062,0.0051,0.0074,0.0040,0.0055,0.0036
1:24,0.0039,0.0048,0.0045,0.0063,0.0036,0.0047,0.0037
1:25,0.0031,0.0052,0.0039,0.0070,0.0033,0.0050,0.0025
1:26,0.0039,0.0052,0.0047,0.0062,0.0039,0.0063,0.0027
1:27,0.0025,0.0058,0.0033,0.0069,0.0034,0.0072,0.0032
1:28,0.0027,0.0061,0.0031,0.0069,0.0029,0.0059,0.0040
1:29,0.0024,0.0058,0.0035,0.0067,0.0025,0.0077,0.0034
1:30,0.0019,0.0055,0.0034,0.0073,0.0032,0.0061,0.0042
1:31,0.0015,0.0058,0.0033,0.0072,0.0025,0.0059,0.0028
1:32,0.0012,0.0077,0.0028,0.0079,0.0033,0.0040,0.0029
1:33,0.0017,0.0059,0.0034,0.0078,0.0032,0.0045,0.0024
1:34,0.0016,0.0066,0.0030,0.0064,0.0025,0.0047,0.0028
1:35,0.0017,0.0055,0.0019,0.0063,0.0031,0.0045,0.0030
1:36,0.0018,0.0067,0.0026,0.0061,0.0039,0.0044,0.0044
1:37,0.0019,0.0057,0.0032,0.0049,0.0036,0.0050,0.0034
1:38,0.0020,0.0058,0.0026,0.0048,0.0030,0.0067,0.0040
1:39,0.0021,0.0059,0.0053,0.0050,0.0027,0.0071,0.0067
1:40,0.0023,0.0061,0.0034,0.0059,0.0029,0.0059,0.0040
1:41,0.0026,0.0062,0.0029,0.0058,0.0022,0.0052,0.0021
1:42,0.0019,0.0053,0.0035,0.0054,0.0016,0.0041,0.0043
1:43,0.0025,0.0051,0.0029,0.0057,0.0020,0.0035,0.0028
1:44,0.0025,0.0057,0.0023,0.0063,0.0021,0.0038,0.0028
1:45,0.0028,0.0052,0.0021,0.0067,0.0027,0.0060,0.0027
1:46,0.0028,0.0052,0.0033,0.0069,0.0016,0.0054,0.0032
1:47,0.0025,0.0058,0.0035,0.0061,0.0016,0.0042,0.0027
1:48,0.0019,0.0054,0.0024,0.0057,0.0016,0.0060,0.0028
1:49,0.0029,0.0058,0.0019,0.0057,0.0031,0.0052,0.0024
1:50,0.0036,0.0050,0.0027,0.0058,0.0026,0.0057,0.0036
1:51,0.0030,0.0052,0.0031,0.0058,0.0016,0.0053,0.0031
1:52,0.0026,0.0051,0.0032,0.0053,0.0020,0.0052,0.0036
1:53,0.0032,0.0055,0.0030,0.0053,0.0020,0.0052,0.0029
1:54,0.0039,0.0050,0.0032,0.0050,0.0018,0.0053,0.0035
1:55,0.0020,0.0053,0.0025,0.0054,0.0026,0.0051,0.0035
1:56,0.0020,0.0052,0.0032,0.0060,0.0036,0.0044,0.0036
1:57,0.0020,0.0065,0.0037,0.0056,0.0020,0.0055,0.0031
1:58,0.0021,0.0081,0.0033,0.0045,0.0021,0.0043,0.0035
1:59,0.0026,0.0071,0.0032,0.0040,0.0020,0.0039,0.0039
